Node,Node type,Lat,Lon,Weight 1,Edge1,Edge1 Name,Type,Weight 2,Edge2,Edge2 Name,Type,Weight 3,Edge3,Edge3 Name,Type,Weight 4,Edge4,Edge4 Name,Type,Weight 5,Edge5,Edge5 Name,Type
BEF SUMANG LANE (65541),Bus Stop,1.4035631,103.8912229,380,BLK 226A (65531),382/382A,Bus,12,AFT SUMANG LANE (65549),walking,walk,,,,,,,,,,,,
AFT SUMANG LANE (65549),Bus Stop,1.4035348,103.8911173,224,OPP BLK 227A (65559),382,Bus,,,,,,,,,,,,,,,,
BLK 226A (65531),Bus Stop,1.4024059,103.8935935,353,BLK 259 CP (65499),382,Bus,18,BLK 224A (65539),walking,walk,,,,,,,,,,,,
BLK 224A (65539),Bus Stop,1.4022917,103.8936935,402,AFT SUMANG LANE (65549),382,Bus,,,,,,,,,,,,,,,,
OPP BLK 227A (65559),Bus Stop,1.404091,103.8925456,389,BLK 258A (65579),382,Bus,100,BLK 227A (65551),walking,walk,,,,,,,,,,,,
BLK 227A (65551),Bus Stop,1.4037399,103.8933688,303,BEF SUMANG LANE (65541),382/382A,Bus,,,,,,,,,,,,,,,,
BLK 259 CP (65499),Bus Stop,1.4045514,103.8949706,366,BLK 224A (65539),382,Bus,11,OPP BLK 259 CP (65491),walking,walk,,,,,,,,,,,,
OPP BLK 259 CP (65491),Bus Stop,1.4045632,103.8949605,417,OPP BLK 315B (65441),382,Bus,,,,,,,,,,,,,,,,
BLK 315B (65449),Bus Stop,1.4080408,103.8959312,411,BLK 259 CP (65499),382,Bus,20,OPP BLK 315B (65441),walking,walk,,,,,,,,,,,,
OPP BLK 315B (65441),Bus Stop,1.4081777,103.8957926,342,BLK 322 CP (65451),382,Bus,,,,,,,,,,,,,,,,
OPP BLK 322 CP (65459),Bus Stop,1.4106095,103.8977217,347,BLK 315B (65449),382,Bus,18,BLK 322 CP (65451),walking,walk,,,,,,,,,,,,
BLK 322 CP (65451),Bus Stop,1.41069,103.8975919,513,BLK 312 CP (65461),382,Bus,,,,,,,,,,,,,,,,
NIBONG STN EXIT B (65611),Bus Stop,1.4113806,103.9003026,288,BLK 312 CP (65461),84,Bus,65,NIBONG LRT STATION[PW5],walking,walk,37,NIBONG STN EXIT A (65619),walking,walk,,,,,,,,
NIBONG STN EXIT A (65619),Bus Stop,1.4115376,103.9000027,625,SAMUDERA STN EXIT A (65629),84,Bus,65,NIBONG LRT STATION[PW5],walking,walk,,,,,,,,,,,,
SAMUDERA STN EXIT B (65621),Bus Stop,1.4160837,103.9024832,587,NIBONG STN EXIT B (65611),84,Bus,53,SAMUDERA LRT STATION[PW4],walking,walk,42,SAMUDERA STN EXIT A (65629),walking,walk,,,,,,,,
SAMUDERA STN EXIT A (65629),Bus Stop,1.4164597,103.9025213,340,BEF PUNGGOL PT STN (65639),84,Bus,92,SAMUDERA LRT STATION[PW4],walking,walk,,,,,,,,,,,,
AFT PUNGGOL PT STN (65631),Bus Stop,1.4173063,103.9054176,384,SAMUDERA STN EXIT B (65621),84,Bus,155,PUNGGOL POINT LRT STATION[PW3],walking,walk,29,BEF PUNGGOL PT STN (65639),walking,walk,,,,,,,,
BEF PUNGGOL PT STN (65639),Bus Stop,1.4175524,103.9053085,493,OPP TRACK 22 (65121),84,Bus,190,PUNGGOL POINT LRT STATION[PW3],walking,walk,,,,,,,,,,,,
AFT TRACK 22 (65129),Bus Stop,1.4163699,103.9096651,483,AFT PUNGGOL PT STN (65631),84,Bus,44,OPP TRACK 22 (65121),walking,walk,,,,,,,,,,,,
OPP TRACK 22 (65121),Bus Stop,1.4167058,103.9094801,606,PUNGGOL RD END (65139),84,Bus,,,,,,,,,,,,,,,,
PUNGGOL RD END (65139),Bus Stop,1.4206254,103.9105347,479,AFT TRACK 22 (65129),84,Bus,,,,,,,,,,,,,,,,
BLK 312 CP (65461),Bus Stop,1.4098589,103.9012999,695,BEF PUNGGOL DR (65481),84/382,Bus,38,BLK 310B (65469),walking,walk,,,,,,,,,,,,
BLK 310B (65469),Bus Stop,1.4098231,103.9009779,269,NIBONG STN EXIT A (65619),84,Bus,473,OPP BLK 322 CP (65459),382,Bus,,,,,,,,,,,,
BEF PUNGGOL DR (65481),Bus Stop,1.4088652,103.9060396,627,BLK 604A (65099),84,Bus,360,PUNGGOL VIEW PR SCH (65351),382,Bus,240,SAM KEE LRT STATION[PW1],walking,walk,85,AFT PUNGGOL DR (65489),walking,walk,,,,
AFT PUNGGOL DR (65489),Bus Stop,1.408195,103.905669,844,BLK 310B (65469),84/382,Bus,236,SAM KEE LRT STATION[PW1],walking,walk,,,,,,,,,,,,
PUNGGOL VIEW PR SCH (65351),Bus Stop,1.405894,103.9047262,470,PUNGGOL TEMP INT (65009),50/382,Bus,59,OPP PUNGGOL VIEW PR SCH (65359),walking,walk,,,,,,,,,,,,
OPP PUNGGOL VIEW PR SCH (65359),Bus Stop,1.405523,103.904353,330,AFT PUNGGOL DR (65489),382,Bus,,,,,,,,,,,,,,,,
PUNGGOL STN/INT (65259),Bus Stop,1.4053531,103.9018684,283,BEF BLK 264 (65409),43/43e/43m/117/118/381,Bus,131,PUNGGOL STN/WATERWAY PT (65251),walking,walk,,,,,,,,,,,,
PUNGGOL STN/WATERWAY PT (65251),Bus Stop,1.4050262,103.9029962,227,BLK 303D (65221),381,Bus,,,,,,,,,,,,,,,,
BEF BLK 264 (65409),Bus Stop,1.406245,103.8995745,403,SOO TECK STN (65141),43/43e/43m/117/118/381,Bus,100,OPP BLK 264A (65401),walking,walk,,,,,,,,,,,,
OPP BLK 264A (65401),Bus Stop,1.4065318,103.8987118,909,PUNGGOL TEMP INT (65009),43/43e/43m/117/118/381,Bus,,,,,,,,,,,,,,,,
SOO TECK STN (65141),Bus Stop,1.4045481,103.8971639,243,TWIN WATERFALLS (65431),43/43e/43m/117/118,Bus,253,BLK 268C (65339),381,Bus,106,SOO TECK LRT STATION[PW7],walking,walk,29,SOO TECK STN (65149),walking,walk,,,,
SOO TECK STN (65149),Bus Stop,1.4044405,103.8969248,357,OPP BLK 264A (65401),43/43e/43m/117/118/381,Bus,127,SOO TECK LRT STATION[PW7],walking,walk,,,,,,,,,,,,
TWIN WATERFALLS (65431),Bus Stop,1.4023894,103.8967356,85,AFT TPE (65439),walking,walk,,,,,,,,,,,,,,,,
AFT TPE (65439),Bus Stop,1.4017253,103.8963181,307,SOO TECK STN (65149),43/43e/43m/117/118,Bus,331,BLK 268C (65339),119/666,,,,,,,,,,,,,
BLK 218 (65571),Bus Stop,1.4034786,103.8955302,240,BLK 227A (65551),382,Bus,54,BLK 258A (65579),walking,walk,,,,,,,,,,,,
BLK 258A (65579),Bus Stop,1.4035609,103.8960266,228,BLK 268C (65339),382,Bus,,,,,,,,,,,,,,,,
OPP BLK 268D (65331),Bus Stop,1.402865,103.898518,280,TWIN WATERFALLS (65431),119/666,Bus,321,SOO TECK STN (65149),381,Bus,345,BLK 218 (65571),382,Bus,579,BLK 227A (65551),382A,Bus,61,BLK 268C (65339),walking,walk
BLK 268C (65339),Bus Stop,1.4031331,103.8980439,322,BLK 272C (65349),119/381/382/666,Bus,,,,,,,,,,,,,,,,
OPP BLK 272C (65341),Bus Stop,1.4019469,103.900923,286,OPP BLK 268D (65331),119/381/382/382A/666,Bus,35,BLK 272C (65349),walking,walk,,,,,,,,,,,,
BLK 272C (65349),Bus Stop,1.4022209,103.9007796,452,PUNGGOL TEMP INT (65009),119/381/382,Bus,271,OPP BLK 201A (65201),666,Bus,,,,,,,,,,,,
AFT PUNGGOL RD (65209),Bus Stop,1.4003913,103.9039358,564,PUNGGOL TEMP INT (65009),62/82,Bus,376,OPP BLK 272C (65341),666,Bus,133,OPP BLK 201A (65201),walking,walk,,,,,,,,
OPP BLK 201A (65201),Bus Stop,1.4011238,103.9029735,385,BLK 102C (65079),82,Bus,,,,,,,,,,,,,,,,
BLK 102C (65079),Bus Stop,1.3989357,103.904748,83,OPP BLK 103A (65071),walking,walk,,,,,,,,,,,,,,,,
OPP BLK 103A (65071),Bus Stop,1.3984507,103.9041638,306,OPP BLK 199C (65081),34,Bus,291,AFT PUNGGOL RD (65209),82,Bus,,,,,,,,,,,,
OPP BLK 296 (65089),Bus Stop,1.4013395,103.9058051,296,BLK 102C (65079),34/34A,Bus,71,OPP BLK 199C (65081),walking,walk,,,,,,,,,,,,
OPP BLK 199C (65081),Bus Stop,1.4009216,103.9053104,310,BLK 298 (65229),34,Bus,,,,,,,,,,,,,,,,
BLK 604A (65099),Bus Stop,1.4044678,103.9071143,282,BLK 298 (65229),84,Bus,83,BLK 301A (65091),walking,walk,,,,,,,,,,,,
BLK 301A (65091),Bus Stop,1.4039796,103.9065564,627,AFT PUNGGOL DR (65489),84,Bus,,,,,,,,,,,,,,,,
BLK 303D (65221),Bus Stop,1.4040284,103.9048076,390,OPP BLK 296 (65089),34/34A,Bus,286,BLK 301A (65091),84,Bus,123,BLK 298 (65229),walking,walk,,,,,,,,
BLK 298 (65229),Bus Stop,1.4032022,103.9055693,493,PUNGGOL TEMP INT (65009),3/34/83/84/85/136/386,Bus,346,AFT PUNGGOL CTRL (65219),6N,Bus,474,PUNGGOL STN/INT (65259),381,Bus,,,,,,,,
AFT PUNGGOL CTRL (65219),Bus Stop,1.4032666,103.9032588,316,OPP BLK 201A (65201),6N,Bus,123,PUNGGOL TEMP INT (65009),walking,walk,,,,,,,,,,,,
PUNGGOL TEMP INT (65009),Bus Stop,1.4037063,103.9022434,493,PUNGGOL STN/INT (65259),43/43m/43e/117/118,Bus,461,BLK 272C (65349),119/381/382/382A,Bus,416,BLK 303D (65221),3/34/34A/62/82/83/84/85/136/386,Bus,425,OPP PUNGGOL VIEW PR SCH (65359),50,Bus,111,PUNGGOL MRT STATION[NE17],walking,walk
PUNGGOL MRT STATION[NE17],LRT,1.4052585,103.9023302,1006,SOO TECK LRT STATION[PW7],WEST LOOP (CLOCKWISE),LRT,562,SAM KEE LRT STATION[PW1],WEST LOOP (ANTI CLOCKWISE),LRT,,,,,,,,,,,,
SOO TECK LRT STATION[PW7],LRT,1.4053014,103.8972748,381,SUMANG LRT STATION[PW6],WEST LOOP (CLOCKWISE),LRT,1006,PUNGGOL MRT STATION[NE17],WEST LOOP (ANTI CLOCKWISE),LRT,,,,,,,,,,,,
SUMANG LRT STATION[PW6],LRT,1.4085322,103.8985342,429,NIBONG LRT STATION[PW5],WEST LOOP (CLOCKWISE),LRT,381,SOO TECK LRT STATION[PW7],WEST LOOP (ANTI CLOCKWISE),LRT,,,,,,,,,,,,
NIBONG LRT STATION[PW5],LRT,1.4118877,103.9003304,494,SAMUDERA LRT STATION[PW4],WEST LOOP (CLOCKWISE),LRT,429,SUMANG LRT STATION[PW6],WEST LOOP (ANTI CLOCKWISE),LRT,,,,,,,,,,,,
SAMUDERA LRT STATION[PW4],LRT,1.4159537,103.9021398,585,PUNGGOL POINT LRT STATION[PW3],WEST LOOP (CLOCKWISE),LRT,494,NIBONG LRT STATION[PW5],WEST LOOP (ANTI CLOCKWISE),LRT,,,,,,,,,,,,
PUNGGOL POINT LRT STATION[PW3],LRT,1.4168814,103.9066298,944,SAM KEE LRT STATION[PW1],WEST LOOP (CLOCKWISE),LRT,585,SAMUDERA LRT STATION[PW4],WEST LOOP (ANTI CLOCKWISE),LRT,,,,,,,,,,,,
SAM KEE LRT STATION[PW1],LRT,1.4097076,103.904874,562,PUNGGOL MRT STATION[NE17],WEST LOOP (CLOCKWISE),LRT,944,PUNGGOL POINT LRT STATION[PW3],WEST LOOP (ANTI CLOCKWISE),LRT,,,,,,,,,,,,
194 PUNGGOL ROAD MULTI STOREY CAR PARK SINGAPORE 820194,HDB,1.4020243,103.9065241,110,OPP BLK 296 (65089),walking,walk,,,,,,,,,,,,,,,,
195 PUNGGOL ROAD THE PERIWINKLE SINGAPORE 820195,HDB,1.4014705,103.9067023,100,OPP BLK 296 (65089),walking,walk,,,,,,,,,,,,,,,,
305 PUNGGOL ROAD TREELODGE@PUNGGOL SINGAPORE 820305,HDB,1.4059045,103.9062858,173,PUNGGOL VIEW PR SCH (65351),walking,walk,184,BLK 604A (65099),walking,walk,,,,,,,,,,,,
603 PUNGGOL ROAD PUNGGOL LODGE SINGAPORE 820603,HDB,1.4038676,103.9079914,118,BLK 604A (65099),walking,walk,160,BLK 301A (65091),walking,walk,,,,,,,,,,,,
604 PUNGGOL ROAD PUNGGOL LODGE SINGAPORE 820604,HDB,1.4041556,103.9076825,72,BLK 604A (65099),walking,walk,126,BLK 301A (65091),walking,walk,,,,,,,,,,,,
195A PUNGGOL ROAD THE PERIWINKLE SINGAPORE 821195,HDB,1.4013869,103.9060812,31,OPP BLK 296 (65089),walking,walk,100,OPP BLK 199C (65081),walking,walk,,,,,,,,,,,,
305A PUNGGOL ROAD TREELODGE@PUNGGOL SINGAPORE 821305,HDB,1.4050791,103.906706,81,BLK 604A (65099),walking,walk,123,BLK 301A (65091),walking,walk,,,,,,,,,,,,
603A PUNGGOL ROAD PUNGGOL LODGE SINGAPORE 821603,HDB,1.4035301,103.9084634,182,BLK 604A (65099),walking,walk,,,,,,,,,,,,,,,,
604A PUNGGOL ROAD PUNGGOL LODGE SINGAPORE 821604,HDB,1.4043097,103.9074126,37,BLK 604A (65099),walking,walk,102,BLK 301A (65091),walking,walk,,,,,,,,,,,,
195B PUNGGOL ROAD THE PERIWINKLE SINGAPORE 822195,HDB,1.401372,103.9064857,75,OPP BLK 296 (65089),walking,walk,139,OPP BLK 199C (65081),walking,walk,,,,,,,,,,,,
305B PUNGGOL ROAD TREELODGE@PUNGGOL SINGAPORE 822305,HDB,1.4053519,103.9062507,137,BLK 604A (65099),walking,walk,156,BLK 301A (65091),walking,walk,179,PUNGGOL VIEW PR SCH (65351),walking,walk,,,,,,,,
603B PUNGGOL ROAD PUNGGOL LODGE SINGAPORE 822603,HDB,1.4031429,103.9083163,198,BLK 604A (65099),walking,walk,,,,,,,,,,,,,,,,
604B PUNGGOL ROAD PUNGGOL LODGE SINGAPORE 822604,HDB,1.4038893,103.9072069,65,BLK 604A (65099),walking,walk,73,BLK 301A (65091),walking,walk,197,BLK 298 (65229),walking,walk,,,,,,,,
195C PUNGGOL ROAD THE PERIWINKLE SINGAPORE 823195,HDB,1.4010921,103.9068312,117,OPP BLK 296 (65089),walking,walk,,,,,,,,,,,,,,,,
305C PUNGGOL ROAD TREELODGE@PUNGGOL SINGAPORE 823305,HDB,1.4054218,103.9069069,108,BLK 604A (65099),walking,walk,165,BLK 301A (65091),walking,walk,,,,,,,,,,,,
603C PUNGGOL ROAD PUNGGOL LODGE SINGAPORE 823603,HDB,1.4033332,103.9079705,158,BLK 604A (65099),walking,walk,172,BLK 301A (65091),walking,walk,,,,,,,,,,,,
604C PUNGGOL ROAD PUNGGOL LODGE SINGAPORE 823604,HDB,1.4036654,103.9075323,100,BLK 604A (65099),walking,walk,113,BLK 301A (65091),walking,walk,,,,,,,,,,,,
195D PUNGGOL ROAD THE PERIWINKLE SINGAPORE 824195,HDB,1.4013679,103.907096,143,OPP BLK 296 (65089),walking,walk,,,,,,,,,,,,,,,,
195E PUNGGOL ROAD THE PERIWINKLE SINGAPORE 825195,HDB,1.401718,103.9071773,158,OPP BLK 296 (65089),walking,walk,,,,,,,,,,,,,,,,
101 PUNGGOL FIELD MULTI STOREY CAR PARK SINGAPORE 820101,HDB,1.3984817,103.9058081,128,BLK 102C (65079),walking,walk,,,,,,,,,,,,,,,,
102 PUNGGOL FIELD SINGAPORE 820102,HDB,1.3982806,103.9056544,124,BLK 102C (65079),walking,walk,,,,,,,,,,,,,,,,
199 PUNGGOL FIELD MULTI STOREY CAR PARK SINGAPORE 820199,HDB,1.4001643,103.9060222,115,OPP BLK 199C (65081),walking,walk,132,OPP BLK 296 (65089),walking,walk,,,,,,,,,,,,
200 PUNGGOL FIELD SINGAPORE 820200,HDB,1.3992873,103.9030733,151,OPP BLK 103A (65071),walking,walk,164,AFT PUNGGOL RD (65209),walking,walk,172,OPP BLK 201A (65201),walking,walk,,,,,,,,
201 PUNGGOL FIELD MULTI STOREY CAR PARK SINGAPORE 820201,HDB,1.3997906,103.9036842,81,AFT PUNGGOL RD (65209),walking,walk,142,OPP BLK 201A (65201),walking,walk,151,BLK 102C (65079),walking,walk,,,,,,,,
203 PUNGGOL FIELD SINGAPORE 820203,HDB,1.3989866,103.9038538,68,OPP BLK 103A (65071),walking,walk,99,BLK 102C (65079),walking,walk,165,AFT PUNGGOL RD (65209),walking,walk,,,,,,,,
204 PUNGGOL FIELD MULTI STOREY CAR PARK SINGAPORE 820204,HDB,1.398485,103.9030658,119,OPP BLK 103A (65071),walking,walk,193,BLK 102C (65079),walking,walk,242,AFT PUNGGOL RD (65209),walking,walk,,,,,,,,
228 PUNGGOL FIELD MATILDA SUNDECK SINGAPORE 820228,HDB,1.4033191,103.8920302,624,SOO TECK LRT STATION[PW7],walking,walk,93,BEF SUMANG LANE (65541),walking,walk,94,AFT SUMANG LANE (65549),walking,walk,98,OPP BLK 227A (65559),walking,walk,,,,
258 PUNGGOL FIELD PUNGGOL TOPAZ SINGAPORE 820258,HDB,1.4042098,103.8956389,219,SOO TECK LRT STATION[PW7],walking,walk,82,BLK 218 (65571),walking,walk,83,BLK 259 CP (65499),walking,walk,84,BLK 258A (65579),walking,walk,,,,
259 PUNGGOL FIELD PUNGGOL TOPAZ SINGAPORE 820259,HDB,1.4044666,103.8953349,235,SOO TECK LRT STATION[PW7],walking,walk,41,BLK 259 CP (65499),walking,walk,42,OPP BLK 259 CP (65491),walking,walk,112,BLK 218 (65571),walking,walk,,,,
267 PUNGGOL FIELD PUNGGOL SAPPHIRE SINGAPORE 820267,HDB,1.4040638,103.897907,151,SOO TECK LRT STATION[PW7],walking,walk,98,SOO TECK STN (65141),walking,walk,104,BLK 268C (65339),walking,walk,116,SOO TECK STN (65149),walking,walk,,,,
268 PUNGGOL FIELD PUNGGOL SAPPHIRE SINGAPORE 820268,HDB,1.4035411,103.8971408,193,SOO TECK LRT STATION[PW7],walking,walk,102,SOO TECK STN (65149),walking,walk,110,BLK 268C (65339),walking,walk,111,SOO TECK STN (65141),walking,walk,,,,
269 PUNGGOL FIELD PUNGGOL SAPPHIRE SINGAPORE 820269,HDB,1.4034202,103.899448,294,PUNGGOL MRT STATION[NE17],walking,walk,120,OPP BLK 268D (65331),walking,walk,159,BLK 268C (65339),walking,walk,199,BLK 272C (65349),walking,walk,,,,
270 PUNGGOL FIELD PUNGGOL SAPPHIRE SINGAPORE 820270,HDB,1.4037325,103.8991301,266,SOO TECK LRT STATION[PW7],walking,walk,118,OPP BLK 268D (65331),walking,walk,137,BLK 268C (65339),walking,walk,236,SOO TECK STN (65141),walking,walk,,,,
101A PUNGGOL FIELD HDB-PUNGGOL SINGAPORE 821101,HDB,1.3979462,103.9059451,172,BLK 102C (65079),walking,walk,,,,,,,,,,,,,,,,
102A PUNGGOL FIELD HDB-PUNGGOL SINGAPORE 821102,HDB,1.3988332,103.9057836,115,BLK 102C (65079),walking,walk,,,,,,,,,,,,,,,,
199A PUNGGOL FIELD HDB-PUNGGOL SINGAPORE 821199,HDB,1.399773,103.9060012,149,OPP BLK 199C (65081),walking,walk,,,,,,,,,,,,,,,,
201A PUNGGOL FIELD SINGAPORE 821201,HDB,1.4000855,103.9035356,64,AFT PUNGGOL RD (65209),walking,walk,106,OPP BLK 201A (65201),walking,walk,185,BLK 102C (65079),walking,walk,,,,,,,,
202A PUNGGOL FIELD SINGAPORE 821202,HDB,1.3996642,103.9044956,85,BLK 102C (65079),walking,walk,107,AFT PUNGGOL RD (65209),walking,walk,142,OPP BLK 103A (65071),walking,walk,,,,,,,,
203A PUNGGOL FIELD SINGAPORE 821203,HDB,1.3985243,103.9038627,31,OPP BLK 103A (65071),walking,walk,108,BLK 102C (65079),walking,walk,216,AFT PUNGGOL RD (65209),walking,walk,,,,,,,,
204A PUNGGOL FIELD SINGAPORE 821204,HDB,1.3987783,103.9029109,141,OPP BLK 103A (65071),walking,walk,204,BLK 102C (65079),walking,walk,221,AFT PUNGGOL RD (65209),walking,walk,,,,,,,,
205A PUNGGOL FIELD SINGAPORE 821205,HDB,1.3985226,103.9021117,225,OPP BLK 103A (65071),walking,walk,273,OPP BLK 201A (65201),walking,walk,296,BLK 102C (65079),walking,walk,,,,,,,,
228A PUNGGOL FIELD MATILDA SUNDECK SINGAPORE 821228,HDB,1.4036262,103.892425,571,SOO TECK LRT STATION[PW7],walking,walk,48,OPP BLK 227A (65559),walking,walk,105,BLK 227A (65551),walking,walk,133,BEF SUMANG LANE (65541),walking,walk,,,,
258A PUNGGOL FIELD PUNGGOL TOPAZ SINGAPORE 821258,HDB,1.4037993,103.8959881,219,SOO TECK LRT STATION[PW7],walking,walk,26,BLK 258A (65579),walking,walk,61,BLK 218 (65571),walking,walk,126,SOO TECK STN (65149),walking,walk,,,,
259A PUNGGOL FIELD PUNGGOL TOPAZ SINGAPORE 821259,HDB,1.4038234,103.8955478,252,SOO TECK LRT STATION[PW7],walking,walk,38,BLK 218 (65571),walking,walk,61,BLK 258A (65579),walking,walk,103,BLK 259 CP (65499),walking,walk,,,,
267A PUNGGOL FIELD PUNGGOL SAPPHIRE SINGAPORE 821267,HDB,1.4045591,103.8975049,83,SOO TECK LRT STATION[PW7],walking,walk,37,SOO TECK STN (65141),walking,walk,65,SOO TECK STN (65149),walking,walk,169,BLK 268C (65339),walking,walk,,,,
268A PUNGGOL FIELD PUNGGOL SAPPHIRE SINGAPORE 821268,HDB,1.4041115,103.8973989,130,SOO TECK LRT STATION[PW7],walking,walk,55,SOO TECK STN (65141),walking,walk,64,SOO TECK STN (65149),walking,walk,130,BLK 268C (65339),walking,walk,,,,
269A PUNGGOL FIELD PUNGGOL SAPPHIRE SINGAPORE 821269,HDB,1.403149,103.8989758,301,SOO TECK LRT STATION[PW7],walking,walk,59,OPP BLK 268D (65331),walking,walk,103,BLK 268C (65339),walking,walk,225,BLK 272C (65349),walking,walk,,,,
270A PUNGGOL FIELD PUNGGOL SAPPHIRE SINGAPORE 821270,HDB,1.4039795,103.8994549,279,PUNGGOL MRT STATION[NE17],walking,walk,161,OPP BLK 268D (65331),walking,walk,182,BLK 268C (65339),walking,walk,244,BLK 272C (65349),walking,walk,,,,
102B PUNGGOL FIELD HDB-PUNGGOL SINGAPORE 822102,HDB,1.3990853,103.9054714,82,BLK 102C (65079),walking,walk,,,,,,,,,,,,,,,,
197B PUNGGOL FIELD HDB-PUNGGOL SINGAPORE 822197,HDB,1.4001315,103.9066476,163,OPP BLK 296 (65089),walking,walk,,,,,,,,,,,,,,,,
199B PUNGGOL FIELD HDB-PUNGGOL SINGAPORE 822199,HDB,1.39997,103.9057512,116,OPP BLK 199C (65081),walking,walk,152,OPP BLK 296 (65089),walking,walk,,,,,,,,,,,,
201B PUNGGOL FIELD SINGAPORE 822201,HDB,1.399978,103.9038532,56,AFT PUNGGOL RD (65209),walking,walk,138,OPP BLK 201A (65201),walking,walk,152,BLK 102C (65079),walking,walk,,,,,,,,
202B PUNGGOL FIELD SINGAPORE 822202,HDB,1.3992348,103.9042775,61,BLK 102C (65079),walking,walk,90,OPP BLK 103A (65071),walking,walk,141,AFT PUNGGOL RD (65209),walking,walk,,,,,,,,
203B PUNGGOL FIELD SINGAPORE 822203,HDB,1.3980484,103.9034765,85,OPP BLK 103A (65071),walking,walk,172,BLK 102C (65079),walking,walk,274,AFT PUNGGOL RD (65209),walking,walk,,,,,,,,
204B PUNGGOL FIELD SINGAPORE 822204,HDB,1.3986822,103.9032111,106,OPP BLK 103A (65071),walking,walk,173,BLK 102C (65079),walking,walk,215,AFT PUNGGOL RD (65209),walking,walk,,,,,,,,
228B PUNGGOL FIELD MATILDA SUNDECK SINGAPORE 822228,HDB,1.4037624,103.8915537,660,SOO TECK LRT STATION[PW7],walking,walk,43,BEF SUMANG LANE (65541),walking,walk,47,AFT SUMANG LANE (65549),walking,walk,113,OPP BLK 227A (65559),walking,walk,,,,
258B PUNGGOL FIELD PUNGGOL TOPAZ SINGAPORE 822258,HDB,1.4036823,103.8964614,200,SOO TECK LRT STATION[PW7],walking,walk,49,BLK 258A (65579),walking,walk,98,SOO TECK STN (65149),walking,walk,105,BLK 218 (65571),walking,walk,,,,
259B PUNGGOL FIELD PUNGGOL TOPAZ SINGAPORE 822259,HDB,1.4038783,103.8952388,276,SOO TECK LRT STATION[PW7],walking,walk,55,BLK 218 (65571),walking,walk,80,BLK 259 CP (65499),walking,walk,82,OPP BLK 259 CP (65491),walking,walk,,,,
267B PUNGGOL FIELD PUNGGOL SAPPHIRE SINGAPORE 822267,HDB,1.4044327,103.8979324,117,SOO TECK LRT STATION[PW7],walking,walk,86,SOO TECK STN (65141),walking,walk,112,SOO TECK STN (65149),walking,walk,145,BLK 268C (65339),walking,walk,,,,
268B PUNGGOL FIELD PUNGGOL SAPPHIRE SINGAPORE 822268,HDB,1.4037824,103.8973001,166,SOO TECK LRT STATION[PW7],walking,walk,84,SOO TECK STN (65149),walking,walk,86,SOO TECK STN (65141),walking,walk,109,BLK 268C (65339),walking,walk,,,,
269B PUNGGOL FIELD PUNGGOL SAPPHIRE SINGAPORE 822269,HDB,1.4034439,103.8986665,254,SOO TECK LRT STATION[PW7],walking,walk,66,OPP BLK 268D (65331),walking,walk,77,BLK 268C (65339),walking,walk,207,SOO TECK STN (65141),walking,walk,,,,
270B PUNGGOL FIELD PUNGGOL SAPPHIRE SINGAPORE 822270,HDB,1.404108,103.8990319,232,SOO TECK LRT STATION[PW7],walking,walk,149,OPP BLK 268D (65331),walking,walk,154,BLK 268C (65339),walking,walk,213,SOO TECK STN (65141),walking,walk,,,,
102C PUNGGOL FIELD HDB-PUNGGOL SINGAPORE 823102,HDB,1.3987613,103.904939,28,BLK 102C (65079),walking,walk,96,OPP BLK 103A (65071),walking,walk,,,,,,,,,,,,
199C PUNGGOL FIELD HDB-PUNGGOL SINGAPORE 823199,HDB,1.4006471,103.9060066,80,OPP BLK 296 (65089),walking,walk,83,OPP BLK 199C (65081),walking,walk,,,,,,,,,,,,
201C PUNGGOL FIELD SINGAPORE 823201,HDB,1.3993315,103.903712,110,OPP BLK 103A (65071),walking,walk,123,BLK 102C (65079),walking,walk,129,AFT PUNGGOL RD (65209),walking,walk,,,,,,,,
204C PUNGGOL FIELD SINGAPORE 823204,HDB,1.3980332,103.9030726,126,OPP BLK 103A (65071),walking,walk,211,BLK 102C (65079),walking,walk,288,AFT PUNGGOL RD (65209),walking,walk,,,,,,,,
258C PUNGGOL FIELD PUNGGOL TOPAZ SINGAPORE 823258,HDB,1.4041419,103.8963636,163,SOO TECK LRT STATION[PW7],walking,walk,70,SOO TECK STN (65149),walking,walk,74,BLK 258A (65579),walking,walk,99,SOO TECK STN (65141),walking,walk,,,,
259C PUNGGOL FIELD PUNGGOL TOPAZ SINGAPORE 823259,HDB,1.4045341,103.8956655,199,SOO TECK LRT STATION[PW7],walking,walk,77,BLK 259 CP (65499),walking,walk,78,OPP BLK 259 CP (65491),walking,walk,115,BLK 258A (65579),walking,walk,,,,
267C PUNGGOL FIELD PUNGGOL SAPPHIRE SINGAPORE 823267,HDB,1.4042908,103.8983193,158,SOO TECK LRT STATION[PW7],walking,walk,131,SOO TECK STN (65141),walking,walk,132,BLK 268C (65339),walking,walk,155,SOO TECK STN (65149),walking,walk,,,,
268C PUNGGOL FIELD PUNGGOL SAPPHIRE SINGAPORE 823268,HDB,1.4034741,103.8979384,213,SOO TECK LRT STATION[PW7],walking,walk,39,BLK 268C (65339),walking,walk,93,OPP BLK 268D (65331),walking,walk,147,SOO TECK STN (65141),walking,walk,,,,
269C PUNGGOL FIELD PUNGGOL SAPPHIRE SINGAPORE 823269,HDB,1.403652,103.8985316,227,SOO TECK LRT STATION[PW7],walking,walk,79,BLK 268C (65339),walking,walk,87,OPP BLK 268D (65331),walking,walk,181,SOO TECK STN (65141),walking,walk,,,,
270C PUNGGOL FIELD PUNGGOL SAPPHIRE SINGAPORE 823270,HDB,1.4043155,103.8988518,203,SOO TECK LRT STATION[PW7],walking,walk,159,BLK 268C (65339),walking,walk,165,OPP BLK 268D (65331),walking,walk,189,SOO TECK STN (65141),walking,walk,,,,
101D PUNGGOL FIELD HDB-PUNGGOL SINGAPORE 824101,HDB,1.3984848,103.9061439,163,BLK 102C (65079),walking,walk,,,,,,,,,,,,,,,,
102D PUNGGOL FIELD HDB-PUNGGOL SINGAPORE 824102,HDB,1.3984807,103.9052498,75,BLK 102C (65079),walking,walk,123,OPP BLK 103A (65071),walking,walk,,,,,,,,,,,,
199D PUNGGOL FIELD HDB-PUNGGOL SINGAPORE 824199,HDB,1.4004554,103.9062079,108,OPP BLK 296 (65089),walking,walk,112,OPP BLK 199C (65081),walking,walk,,,,,,,,,,,,
201D PUNGGOL FIELD SINGAPORE 824201,HDB,1.3996843,103.9033781,109,AFT PUNGGOL RD (65209),walking,walk,136,OPP BLK 201A (65201),walking,walk,162,OPP BLK 103A (65071),walking,walk,,,,,,,,
204D PUNGGOL FIELD SINGAPORE 824204,HDB,1.3983112,103.9025511,176,OPP BLK 103A (65071),walking,walk,253,BLK 102C (65079),walking,walk,283,OPP BLK 201A (65201),walking,walk,,,,,,,,
268D PUNGGOL FIELD PUNGGOL SAPPHIRE SINGAPORE 824268,HDB,1.4033138,103.8983589,248,SOO TECK LRT STATION[PW7],walking,walk,40,BLK 268C (65339),walking,walk,52,OPP BLK 268D (65331),walking,walk,191,SOO TECK STN (65141),walking,walk,,,,
292 PUNGGOL CENTRAL MULTI STOREY CAR PARK SINGAPORE 820292,HDB,1.4024273,103.9050584,103,BLK 298 (65229),walking,walk,146,OPP BLK 296 (65089),walking,walk,169,OPP BLK 199C (65081),walking,walk,,,,,,,,
293 PUNGGOL CENTRAL PUNGGOL GROVE SINGAPORE 820293,HDB,1.4030756,103.9049453,359,PUNGGOL MRT STATION[NE17],walking,walk,70,BLK 298 (65229),walking,walk,107,BLK 303D (65221),walking,walk,188,AFT PUNGGOL CTRL (65219),walking,walk,,,,
294 PUNGGOL CENTRAL PUNGGOL GROVE SINGAPORE 820294,HDB,1.4025718,103.9046355,354,PUNGGOL MRT STATION[NE17],walking,walk,125,BLK 298 (65229),walking,walk,163,BLK 303D (65221),walking,walk,171,AFT PUNGGOL CTRL (65219),walking,walk,,,,
295 PUNGGOL CENTRAL PUNGGOL GROVE SINGAPORE 820295,HDB,1.4018862,103.9049173,115,OPP BLK 199C (65081),walking,walk,115,OPP BLK 296 (65089),walking,walk,163,BLK 298 (65229),walking,walk,,,,,,,,
296 PUNGGOL CENTRAL PUNGGOL GROVE SINGAPORE 820296,HDB,1.4015882,103.9052652,66,OPP BLK 296 (65089),walking,walk,74,OPP BLK 199C (65081),walking,walk,182,BLK 298 (65229),walking,walk,,,,,,,,
297 PUNGGOL CENTRAL PUNGGOL GROVE SINGAPORE 820297,HDB,1.4021912,103.9054519,102,OPP BLK 296 (65089),walking,walk,113,BLK 298 (65229),walking,walk,142,OPP BLK 199C (65081),walking,walk,,,,,,,,
298 PUNGGOL CENTRAL PUNGGOL GROVE SINGAPORE 820298,HDB,1.4026172,103.9056027,65,BLK 298 (65229),walking,walk,143,OPP BLK 296 (65089),walking,walk,180,BLK 303D (65221),walking,walk,,,,,,,,
299 PUNGGOL CENTRAL PUNGGOL GROVE SINGAPORE 820299,HDB,1.4027062,103.9053082,62,BLK 298 (65229),walking,walk,157,BLK 303D (65221),walking,walk,161,OPP BLK 296 (65089),walking,walk,,,,,,,,
301 PUNGGOL CENTRAL CORALINUS SINGAPORE 820301,HDB,1.4037194,103.906138,54,BLK 301A (65091),walking,walk,85,BLK 298 (65229),walking,walk,136,BLK 604A (65099),walking,walk,,,,,,,,
303 PUNGGOL CENTRAL CORALINUS SINGAPORE 820303,HDB,1.4040238,103.9058046,83,BLK 301A (65091),walking,walk,95,BLK 298 (65229),walking,walk,110,BLK 303D (65221),walking,walk,,,,,,,,
601 PUNGGOL CENTRAL PUNGGOL VISTA SINGAPORE 820601,HDB,1.402674,103.9074161,173,BLK 301A (65091),walking,walk,,,,,,,,,,,,,,,,
602 PUNGGOL CENTRAL PUNGGOL VISTA SINGAPORE 820602,HDB,1.4031975,103.9073558,124,BLK 301A (65091),walking,walk,143,BLK 604A (65099),walking,walk,,,,,,,,,,,,
293A PUNGGOL CENTRAL SINGAPORE 821293,HDB,1.4034617,103.9048353,333,PUNGGOL MRT STATION[NE17],walking,walk,63,BLK 303D (65221),walking,walk,86,BLK 298 (65229),walking,walk,176,AFT PUNGGOL CTRL (65219),walking,walk,,,,
295A PUNGGOL CENTRAL PUNGGOL GROVE SINGAPORE 821295,HDB,1.4019225,103.9044827,144,OPP BLK 199C (65081),walking,walk,160,OPP BLK 296 (65089),walking,walk,171,AFT PUNGGOL RD (65209),walking,walk,,,,,,,,
296A PUNGGOL CENTRAL SINGAPORE 821296,HDB,1.4013259,103.9053783,45,OPP BLK 199C (65081),walking,walk,47,OPP BLK 296 (65089),walking,walk,183,AFT PUNGGOL RD (65209),walking,walk,,,,,,,,
301A PUNGGOL CENTRAL CORALINUS SINGAPORE 821301,HDB,1.4041722,103.9061861,46,BLK 301A (65091),walking,walk,108,BLK 604A (65099),walking,walk,127,BLK 298 (65229),walking,walk,,,,,,,,
303A PUNGGOL CENTRAL CORALINUS SINGAPORE 821303,HDB,1.4037779,103.9057622,67,BLK 298 (65229),walking,walk,91,BLK 301A (65091),walking,walk,109,BLK 303D (65221),walking,walk,,,,,,,,
601A PUNGGOL CENTRAL PUNGGOL VISTA SINGAPORE 821601,HDB,1.4024685,103.9075822,203,BLK 301A (65091),walking,walk,,,,,,,,,,,,,,,,
602A PUNGGOL CENTRAL PUNGGOL VISTA SINGAPORE 821602,HDB,1.4034805,103.9071174,83,BLK 301A (65091),walking,walk,109,BLK 604A (65099),walking,walk,174,BLK 298 (65229),walking,walk,,,,,,,,
301B PUNGGOL CENTRAL CORALINUS SINGAPORE 822301,HDB,1.4042654,103.9058947,80,BLK 301A (65091),walking,walk,123,BLK 298 (65229),walking,walk,123,BLK 303D (65221),walking,walk,,,,,,,,
303B PUNGGOL CENTRAL CORALINUS SINGAPORE 822303,HDB,1.4039169,103.9055313,79,BLK 298 (65229),walking,walk,81,BLK 303D (65221),walking,walk,114,BLK 301A (65091),walking,walk,,,,,,,,
602B PUNGGOL CENTRAL PUNGGOL VISTA SINGAPORE 822602,HDB,1.4030128,103.9068635,112,BLK 301A (65091),walking,walk,145,BLK 298 (65229),walking,walk,,,,,,,,,,,,
301C PUNGGOL CENTRAL CORALINUS SINGAPORE 823301,HDB,1.4044016,103.9056638,103,BLK 303D (65221),walking,walk,109,BLK 301A (65091),walking,walk,133,BLK 298 (65229),walking,walk,,,,,,,,
303C PUNGGOL CENTRAL CORALINUS SINGAPORE 823303,HDB,1.4040521,103.9053002,54,BLK 303D (65221),walking,walk,99,BLK 298 (65229),walking,walk,139,BLK 301A (65091),walking,walk,,,,,,,,
602C PUNGGOL CENTRAL PUNGGOL VISTA SINGAPORE 823602,HDB,1.4027133,103.9072462,160,BLK 301A (65091),walking,walk,,,,,,,,,,,,,,,,
601D PUNGGOL CENTRAL PUNGGOL VISTA SINGAPORE 824601,HDB,1.402964,103.9078474,182,BLK 301A (65091),walking,walk,,,,,,,,,,,,,,,,
207 PUNGGOL PLACE PUNGGOL SAILS SINGAPORE 820207,HDB,1.4007357,103.9008958,411,PUNGGOL MRT STATION[NE17],walking,walk,134,OPP BLK 272C (65341),walking,walk,165,BLK 272C (65349),walking,walk,228,OPP BLK 201A (65201),walking,walk,,,,
208 PUNGGOL PLACE PUNGGOL SAILS SINGAPORE 820208,HDB,1.4011716,103.9009022,365,PUNGGOL MRT STATION[NE17],walking,walk,86,OPP BLK 272C (65341),walking,walk,117,BLK 272C (65349),walking,walk,230,OPP BLK 201A (65201),walking,walk,,,,
209 PUNGGOL PLACE PUNGGOL CREST SINGAPORE 820209,HDB,1.3989765,103.9009366,304,OPP BLK 201A (65201),walking,walk,330,OPP BLK 272C (65341),walking,walk,360,OPP BLK 103A (65071),walking,walk,,,,,,,,
210 PUNGGOL PLACE PUNGGOL CREST SINGAPORE 820210,HDB,1.3993868,103.9004038,290,OPP BLK 272C (65341),walking,walk,317,BLK 272C (65349),walking,walk,325,OPP BLK 201A (65201),walking,walk,,,,,,,,
273 PUNGGOL PLACE PUNGGOL REGALIA SINGAPORE 820273,HDB,1.4027148,103.9018932,174,PUNGGOL MRT STATION[NE17],walking,walk,116,PUNGGOL TEMP INT (65009),walking,walk,135,BLK 272C (65349),walking,walk,137,OPP BLK 272C (65341),walking,walk,,,,
274 PUNGGOL PLACE PUNGGOL REGALIA SINGAPORE 820274,HDB,1.4030427,103.9027138,162,PUNGGOL MRT STATION[NE17],walking,walk,65,AFT PUNGGOL CTRL (65219),walking,walk,90,PUNGGOL TEMP INT (65009),walking,walk,222,PUNGGOL STN/WATERWAY PT (65251),walking,walk,,,,
275 PUNGGOL PLACE SINGAPORE 820275,HDB,1.401935,103.902089,262,PUNGGOL MRT STATION[NE17],walking,walk,129,OPP BLK 272C (65341),walking,walk,148,BLK 272C (65349),walking,walk,154,OPP BLK 201A (65201),walking,walk,,,,
288 PUNGGOL PLACE PUNGGOL ARCADIA SINGAPORE 820288,HDB,1.4019512,103.9032981,300,PUNGGOL MRT STATION[NE17],walking,walk,130,OPP BLK 201A (65201),walking,walk,146,AFT PUNGGOL CTRL (65219),walking,walk,180,AFT PUNGGOL RD (65209),walking,walk,,,,
289 PUNGGOL PLACE PUNGGOL ARCADIA SINGAPORE 820289,HDB,1.4019817,103.9028823,276,PUNGGOL MRT STATION[NE17],walking,walk,127,OPP BLK 201A (65201),walking,walk,148,AFT PUNGGOL CTRL (65219),walking,walk,204,PUNGGOL TEMP INT (65009),walking,walk,,,,
302 PUNGGOL PLACE CORALINUS SINGAPORE 820302,HDB,1.4048718,103.9045761,76,OPP PUNGGOL VIEW PR SCH (65359),walking,walk,97,BLK 303D (65221),walking,walk,114,PUNGGOL VIEW PR SCH (65351),walking,walk,,,,,,,,
206A PUNGGOL PLACE SINGAPORE 821206,HDB,1.3992254,103.901496,240,OPP BLK 201A (65201),walking,walk,306,OPP BLK 103A (65071),walking,walk,307,AFT PUNGGOL RD (65209),walking,walk,,,,,,,,
207A PUNGGOL PLACE PUNGGOL SAILS SINGAPORE 821207,HDB,1.4002867,103.9010124,456,PUNGGOL MRT STATION[NE17],walking,walk,184,OPP BLK 272C (65341),walking,walk,216,BLK 272C (65349),walking,walk,223,OPP BLK 201A (65201),walking,walk,,,,
208A PUNGGOL PLACE PUNGGOL SAILS SINGAPORE 821208,HDB,1.4014632,103.9007611,340,PUNGGOL MRT STATION[NE17],walking,walk,56,OPP BLK 272C (65341),walking,walk,84,BLK 272C (65349),walking,walk,252,OPP BLK 201A (65201),walking,walk,,,,
209A PUNGGOL PLACE PUNGGOL CREST SINGAPORE 821209,HDB,1.3997307,103.9007321,524,PUNGGOL MRT STATION[NE17],walking,walk,247,OPP BLK 272C (65341),walking,walk,274,OPP BLK 201A (65201),walking,walk,276,BLK 272C (65349),walking,walk,,,,
210A PUNGGOL PLACE PUNGGOL CREST SINGAPORE 821210,HDB,1.4000683,103.9003993,499,PUNGGOL MRT STATION[NE17],walking,walk,216,OPP BLK 272C (65341),walking,walk,243,BLK 272C (65349),walking,walk,295,OPP BLK 201A (65201),walking,walk,,,,
273A PUNGGOL PLACE PUNGGOL REGALIA SINGAPORE 821273,HDB,1.4022843,103.9021043,223,PUNGGOL MRT STATION[NE17],walking,walk,136,OPP BLK 272C (65341),walking,walk,147,BLK 272C (65349),walking,walk,158,PUNGGOL TEMP INT (65009),walking,walk,,,,
274A PUNGGOL PLACE PUNGGOL REGALIA SINGAPORE 821274,HDB,1.4027362,103.9023521,178,PUNGGOL MRT STATION[NE17],walking,walk,108,PUNGGOL TEMP INT (65009),walking,walk,116,AFT PUNGGOL CTRL (65219),walking,walk,181,OPP BLK 272C (65341),walking,walk,,,,
288A PUNGGOL PLACE PUNGGOL ARCADIA SINGAPORE 821288,HDB,1.402378,103.9030395,244,PUNGGOL MRT STATION[NE17],walking,walk,101,AFT PUNGGOL CTRL (65219),walking,walk,171,OPP BLK 201A (65201),walking,walk,172,PUNGGOL TEMP INT (65009),walking,walk,,,,
289A PUNGGOL PLACE PUNGGOL ARCADIA SINGAPORE 821289,HDB,1.4015725,103.9026191,311,PUNGGOL MRT STATION[NE17],walking,walk,89,OPP BLK 201A (65201),walking,walk,193,OPP BLK 272C (65341),walking,walk,193,AFT PUNGGOL RD (65209),walking,walk,,,,
302A PUNGGOL PLACE CORALINUS SINGAPORE 821302,HDB,1.4044236,103.9044442,59,BLK 303D (65221),walking,walk,122,OPP PUNGGOL VIEW PR SCH (65359),walking,walk,166,PUNGGOL VIEW PR SCH (65351),walking,walk,,,,,,,,
306A PUNGGOL PLACE TREELODGE@PUNGGOL SINGAPORE 821306,HDB,1.4060926,103.9053953,77,PUNGGOL VIEW PR SCH (65351),walking,walk,132,OPP PUNGGOL VIEW PR SCH (65359),walking,walk,235,AFT PUNGGOL DR (65489),walking,walk,,,,,,,,
206B PUNGGOL PLACE SINGAPORE 822206,HDB,1.3988371,103.9011269,300,OPP BLK 201A (65201),walking,walk,337,OPP BLK 103A (65071),walking,walk,346,OPP BLK 272C (65341),walking,walk,,,,,,,,
207B PUNGGOL PLACE PUNGGOL SAILS SINGAPORE 822207,HDB,1.4003256,103.9007353,460,PUNGGOL MRT STATION[NE17],walking,walk,181,OPP BLK 272C (65341),walking,walk,210,BLK 272C (65349),walking,walk,252,OPP BLK 201A (65201),walking,walk,,,,
208B PUNGGOL PLACE PUNGGOL SAILS SINGAPORE 822208,HDB,1.4013615,103.9011272,337,PUNGGOL MRT STATION[NE17],walking,walk,68,OPP BLK 272C (65341),walking,walk,103,BLK 272C (65349),walking,walk,210,OPP BLK 201A (65201),walking,walk,,,,
209B PUNGGOL PLACE PUNGGOL CREST SINGAPORE 822209,HDB,1.3997305,103.9009354,519,PUNGGOL MRT STATION[NE17],walking,walk,246,OPP BLK 272C (65341),walking,walk,254,OPP BLK 201A (65201),walking,walk,277,BLK 272C (65349),walking,walk,,,,
210B PUNGGOL PLACE PUNGGOL CREST SINGAPORE 822210,HDB,1.4001862,103.900097,500,PUNGGOL MRT STATION[NE17],walking,walk,216,OPP BLK 272C (65341),walking,walk,238,BLK 272C (65349),walking,walk,324,OPP BLK 201A (65201),walking,walk,,,,
273B PUNGGOL PLACE PUNGGOL REGALIA SINGAPORE 822273,HDB,1.4019601,103.9017788,259,PUNGGOL MRT STATION[NE17],walking,walk,95,OPP BLK 272C (65341),walking,walk,114,BLK 272C (65349),walking,walk,180,OPP BLK 201A (65201),walking,walk,,,,
274B PUNGGOL PLACE PUNGGOL REGALIA SINGAPORE 822274,HDB,1.4031163,103.9022874,135,PUNGGOL MRT STATION[NE17],walking,walk,65,PUNGGOL TEMP INT (65009),walking,walk,109,AFT PUNGGOL CTRL (65219),walking,walk,194,BLK 272C (65349),walking,walk,,,,
288B PUNGGOL PLACE PUNGGOL ARCADIA SINGAPORE 822288,HDB,1.4026753,103.9032975,233,PUNGGOL MRT STATION[NE17],walking,walk,65,AFT PUNGGOL CTRL (65219),walking,walk,163,PUNGGOL TEMP INT (65009),walking,walk,208,OPP BLK 201A (65201),walking,walk,,,,
289B PUNGGOL PLACE PUNGGOL ARCADIA SINGAPORE 822289,HDB,1.4013436,103.903127,352,PUNGGOL MRT STATION[NE17],walking,walk,60,OPP BLK 201A (65201),walking,walk,134,AFT PUNGGOL RD (65209),walking,walk,214,AFT PUNGGOL CTRL (65219),walking,walk,,,,
302B PUNGGOL PLACE CORALINUS SINGAPORE 822302,HDB,1.4043749,103.904784,38,BLK 303D (65221),walking,walk,136,OPP PUNGGOL VIEW PR SCH (65359),walking,walk,156,BLK 298 (65229),walking,walk,,,,,,,,
306B PUNGGOL PLACE TREELODGE@PUNGGOL SINGAPORE 822306,HDB,1.4057923,103.9057772,117,PUNGGOL VIEW PR SCH (65351),walking,walk,161,OPP PUNGGOL VIEW PR SCH (65359),walking,walk,209,BLK 604A (65099),walking,walk,,,,,,,,
207C PUNGGOL PLACE PUNGGOL SAILS SINGAPORE 823207,HDB,1.4006537,103.9003487,441,PUNGGOL MRT STATION[NE17],walking,walk,157,OPP BLK 272C (65341),walking,walk,180,BLK 272C (65349),walking,walk,289,OPP BLK 201A (65201),walking,walk,,,,
208C PUNGGOL PLACE PUNGGOL SAILS SINGAPORE 823208,HDB,1.4009412,103.9011446,382,PUNGGOL MRT STATION[NE17],walking,walk,114,OPP BLK 272C (65341),walking,walk,147,BLK 272C (65349),walking,walk,200,OPP BLK 201A (65201),walking,walk,,,,
209C PUNGGOL PLACE PUNGGOL CREST SINGAPORE 823209,HDB,1.3993095,103.9007923,293,OPP BLK 201A (65201),walking,walk,293,OPP BLK 272C (65341),walking,walk,323,BLK 272C (65349),walking,walk,,,,,,,,
210C PUNGGOL PLACE PUNGGOL CREST SINGAPORE 823210,HDB,1.3996544,103.8999156,562,PUNGGOL MRT STATION[NE17],walking,walk,278,OPP BLK 272C (65341),walking,walk,301,BLK 272C (65349),walking,walk,361,OPP BLK 201A (65201),walking,walk,,,,
273C PUNGGOL PLACE PUNGGOL REGALIA SINGAPORE 823273,HDB,1.402303,103.9012624,233,PUNGGOL MRT STATION[NE17],walking,walk,54,BLK 272C (65349),walking,walk,54,OPP BLK 272C (65341),walking,walk,190,PUNGGOL TEMP INT (65009),walking,walk,,,,
274C PUNGGOL PLACE PUNGGOL REGALIA SINGAPORE 823274,HDB,1.4032584,103.9020087,114,PUNGGOL MRT STATION[NE17],walking,walk,56,PUNGGOL TEMP INT (65009),walking,walk,138,AFT PUNGGOL CTRL (65219),walking,walk,178,BLK 272C (65349),walking,walk,,,,
288C PUNGGOL PLACE PUNGGOL ARCADIA SINGAPORE 823288,HDB,1.4025509,103.9035571,263,PUNGGOL MRT STATION[NE17],walking,walk,86,AFT PUNGGOL CTRL (65219),walking,walk,194,PUNGGOL TEMP INT (65009),walking,walk,202,OPP BLK 201A (65201),walking,walk,,,,
289C PUNGGOL PLACE PUNGGOL ARCADIA SINGAPORE 823289,HDB,1.4015492,103.9035195,351,PUNGGOL MRT STATION[NE17],walking,walk,101,OPP BLK 201A (65201),walking,walk,129,AFT PUNGGOL RD (65209),walking,walk,193,AFT PUNGGOL CTRL (65219),walking,walk,,,,
302C PUNGGOL PLACE CORALINUS SINGAPORE 823302,HDB,1.4047205,103.9049679,78,BLK 303D (65221),walking,walk,112,OPP PUNGGOL VIEW PR SCH (65359),walking,walk,133,PUNGGOL VIEW PR SCH (65351),walking,walk,,,,,,,,
306C PUNGGOL PLACE TREELODGE@PUNGGOL SINGAPORE 823306,HDB,1.4064039,103.9059582,148,PUNGGOL VIEW PR SCH (65351),walking,walk,201,AFT PUNGGOL DR (65489),walking,walk,203,OPP PUNGGOL VIEW PR SCH (65359),walking,walk,,,,,,,,
207D PUNGGOL PLACE PUNGGOL SAILS SINGAPORE 824207,HDB,1.4009465,103.9007084,396,PUNGGOL MRT STATION[NE17],walking,walk,113,OPP BLK 272C (65341),walking,walk,141,BLK 272C (65349),walking,walk,248,OPP BLK 201A (65201),walking,walk,,,,
273D PUNGGOL PLACE PUNGGOL REGALIA SINGAPORE 824273,HDB,1.4025232,103.9012959,209,PUNGGOL MRT STATION[NE17],walking,walk,66,BLK 272C (65349),walking,walk,76,OPP BLK 272C (65341),walking,walk,168,PUNGGOL TEMP INT (65009),walking,walk,,,,
274D PUNGGOL PLACE PUNGGOL REGALIA SINGAPORE 824274,HDB,1.4030337,103.9016885,142,PUNGGOL MRT STATION[NE17],walking,walk,96,PUNGGOL TEMP INT (65009),walking,walk,135,BLK 272C (65349),walking,walk,147,OPP BLK 272C (65341),walking,walk,,,,
289D PUNGGOL PLACE PUNGGOL ARCADIA SINGAPORE 824289,HDB,1.4020391,103.9035327,305,PUNGGOL MRT STATION[NE17],walking,walk,139,AFT PUNGGOL CTRL (65219),walking,walk,149,OPP BLK 201A (65201),walking,walk,180,AFT PUNGGOL RD (65209),walking,walk,,,,
301D PUNGGOL PLACE CORALINUS SINGAPORE 824301,HDB,1.4044481,103.9054296,83,BLK 303D (65221),walking,walk,135,BLK 301A (65091),walking,walk,139,BLK 298 (65229),walking,walk,,,,,,,,
302D PUNGGOL PLACE CORALINUS SINGAPORE 824302,HDB,1.4045843,103.9051987,75,BLK 303D (65221),walking,walk,140,OPP PUNGGOL VIEW PR SCH (65359),walking,walk,154,PUNGGOL VIEW PR SCH (65351),walking,walk,,,,,,,,
303D PUNGGOL PLACE CORALINUS SINGAPORE 824303,HDB,1.4042386,103.905015,32,BLK 303D (65221),walking,walk,130,BLK 298 (65229),walking,walk,160,OPP PUNGGOL VIEW PR SCH (65359),walking,walk,,,,,,,,
211 PUNGGOL WALK PUNGGOL RIPPLES SINGAPORE 820211,HDB,1.401455,103.899421,421,PUNGGOL MRT STATION[NE17],walking,walk,173,BLK 272C (65349),walking,walk,175,OPP BLK 272C (65341),walking,walk,186,OPP BLK 268D (65331),walking,walk,,,,
212 PUNGGOL WALK PUNGGOL WAVES SINGAPORE 820212,HDB,1.3996975,103.8991814,595,PUNGGOL MRT STATION[NE17],walking,walk,316,OPP BLK 272C (65341),walking,walk,332,BLK 272C (65349),walking,walk,359,OPP BLK 268D (65331),walking,walk,,,,
213 PUNGGOL WALK PUNGGOL WAVES SINGAPORE 820213,HDB,1.4000136,103.8986469,600,PUNGGOL MRT STATION[NE17],walking,walk,317,OPP BLK 268D (65331),walking,walk,321,AFT TPE (65439),walking,walk,332,OPP BLK 272C (65341),walking,walk,,,,
271 PUNGGOL WALK PUNGGOL RESIDENCES SINGAPORE 820271,HDB,1.4034317,103.9006272,174,PUNGGOL MRT STATION[NE17],walking,walk,135,BLK 272C (65349),walking,walk,168,OPP BLK 272C (65341),walking,walk,182,PUNGGOL TEMP INT (65009),walking,walk,,,,
272 PUNGGOL WALK PUNGGOL RESIDENCES SINGAPORE 820272,HDB,1.4028511,103.9007655,206,PUNGGOL MRT STATION[NE17],walking,walk,70,BLK 272C (65349),walking,walk,102,OPP BLK 272C (65341),walking,walk,189,PUNGGOL TEMP INT (65009),walking,walk,,,,
308 PUNGGOL WALK WATERWAY TERRACES I SINGAPORE 820308,HDB,1.4076602,103.8999524,178,SUMANG LRT STATION[PW6],walking,walk,162,BEF BLK 264 (65409),walking,walk,186,OPP BLK 264A (65401),walking,walk,266,BLK 310B (65469),walking,walk,,,,
310 PUNGGOL WALK WATERWAY TERRACES II SINGAPORE 820310,HDB,1.4094307,103.9007228,266,SUMANG LRT STATION[PW6],walking,walk,52,BLK 310B (65469),walking,walk,79,BLK 312 CP (65461),walking,walk,223,NIBONG STN EXIT B (65611),walking,walk,,,,
211A PUNGGOL WALK PUNGGOL RIPPLES SINGAPORE 821211,HDB,1.4017598,103.8999443,358,PUNGGOL MRT STATION[NE17],walking,walk,106,BLK 272C (65349),walking,walk,110,OPP BLK 272C (65341),walking,walk,200,OPP BLK 268D (65331),walking,walk,,,,
212A PUNGGOL WALK PUNGGOL WAVES SINGAPORE 821212,HDB,1.3999606,103.8989836,583,PUNGGOL MRT STATION[NE17],walking,walk,308,OPP BLK 272C (65341),walking,walk,320,BLK 272C (65349),walking,walk,327,OPP BLK 268D (65331),walking,walk,,,,
213A PUNGGOL WALK PUNGGOL WAVES SINGAPORE 821213,HDB,1.400309,103.8980751,559,SOO TECK LRT STATION[PW7],walking,walk,250,AFT TPE (65439),walking,walk,275,TWIN WATERFALLS (65431),walking,walk,288,OPP BLK 268D (65331),walking,walk,,,,
271A PUNGGOL WALK PUNGGOL RESIDENCES SINGAPORE 821271,HDB,1.4037454,103.9003189,190,PUNGGOL MRT STATION[NE17],walking,walk,177,BLK 272C (65349),walking,walk,210,OPP BLK 272C (65341),walking,walk,213,PUNGGOL TEMP INT (65009),walking,walk,,,,
272A PUNGGOL WALK PUNGGOL RESIDENCES SINGAPORE 821272,HDB,1.4031453,103.900666,190,PUNGGOL MRT STATION[NE17],walking,walk,103,BLK 272C (65349),walking,walk,136,OPP BLK 272C (65341),walking,walk,186,PUNGGOL TEMP INT (65009),walking,walk,,,,
308A PUNGGOL WALK WATERWAY TERRACES I SINGAPORE 821308,HDB,1.4077543,103.9009062,273,SUMANG LRT STATION[PW6],walking,walk,223,BEF BLK 264 (65409),walking,walk,230,BLK 310B (65469),walking,walk,238,BLK 312 CP (65461),walking,walk,,,,
309A PUNGGOL WALK SINGAPORE 821309,HDB,1.4067223,103.9002852,271,SUMANG LRT STATION[PW6],walking,walk,95,BEF BLK 264 (65409),walking,walk,176,OPP BLK 264A (65401),walking,walk,233,PUNGGOL STN/INT (65259),walking,walk,,,,
310A PUNGGOL WALK WATERWAY TERRACES II SINGAPORE 821310,HDB,1.4087009,103.9013266,310,SUMANG LRT STATION[PW6],walking,walk,128,BLK 312 CP (65461),walking,walk,130,BLK 310B (65469),walking,walk,321,NIBONG STN EXIT B (65611),walking,walk,,,,
311A PUNGGOL WALK WATERWAY TERRACES II SINGAPORE 821311,HDB,1.4090672,103.9018573,338,SAM KEE LRT STATION[PW1],walking,walk,107,BLK 312 CP (65461),walking,walk,128,BLK 310B (65469),walking,walk,313,NIBONG STN EXIT B (65611),walking,walk,,,,
211B PUNGGOL WALK PUNGGOL RIPPLES SINGAPORE 822211,HDB,1.4011699,103.8999209,413,PUNGGOL MRT STATION[NE17],walking,walk,140,OPP BLK 272C (65341),walking,walk,150,BLK 272C (65349),walking,walk,244,OPP BLK 268D (65331),walking,walk,,,,
212B PUNGGOL WALK PUNGGOL WAVES SINGAPORE 822212,HDB,1.4004042,103.8994843,511,PUNGGOL MRT STATION[NE17],walking,walk,234,OPP BLK 272C (65341),walking,walk,248,BLK 272C (65349),walking,walk,293,OPP BLK 268D (65331),walking,walk,,,,
213B PUNGGOL WALK PUNGGOL WAVES SINGAPORE 822213,HDB,1.4007196,103.8984847,523,SOO TECK LRT STATION[PW7],walking,walk,238,OPP BLK 268D (65331),walking,walk,265,AFT TPE (65439),walking,walk,269,TWIN WATERFALLS (65431),walking,walk,,,,
271B PUNGGOL WALK PUNGGOL RESIDENCES SINGAPORE 822271,HDB,1.4041705,103.9005811,152,PUNGGOL MRT STATION[NE17],walking,walk,191,PUNGGOL TEMP INT (65009),walking,walk,194,PUNGGOL STN/INT (65259),walking,walk,217,BLK 272C (65349),walking,walk,,,,
272B PUNGGOL WALK PUNGGOL RESIDENCES SINGAPORE 822272,HDB,1.4032957,103.9002354,219,PUNGGOL MRT STATION[NE17],walking,walk,133,BLK 272C (65349),walking,walk,168,OPP BLK 272C (65341),walking,walk,196,OPP BLK 268D (65331),walking,walk,,,,
308B PUNGGOL WALK WATERWAY TERRACES I SINGAPORE 822308,HDB,1.4077668,103.8995809,137,SUMANG LRT STATION[PW6],walking,walk,167,OPP BLK 264A (65401),walking,walk,169,BEF BLK 264 (65409),walking,walk,276,BLK 310B (65469),walking,walk,,,,
310B PUNGGOL WALK WATERWAY TERRACES II SINGAPORE 822310,HDB,1.4093227,103.9008018,269,SUMANG LRT STATION[PW6],walking,walk,58,BLK 310B (65469),walking,walk,81,BLK 312 CP (65461),walking,walk,237,NIBONG STN EXIT B (65611),walking,walk,,,,
311B PUNGGOL WALK WATERWAY TERRACES II SINGAPORE 822311,HDB,1.4102514,103.8998688,184,NIBONG LRT STATION[PW5],walking,walk,132,BLK 310B (65469),walking,walk,134,NIBONG STN EXIT B (65611),walking,walk,141,NIBONG STN EXIT A (65619),walking,walk,,,,
211C PUNGGOL WALK PUNGGOL RIPPLES SINGAPORE 823211,HDB,1.4007605,103.8996136,470,PUNGGOL MRT STATION[NE17],walking,walk,196,OPP BLK 272C (65341),walking,walk,207,BLK 272C (65349),walking,walk,263,OPP BLK 268D (65331),walking,walk,,,,
213C PUNGGOL WALK PUNGGOL WAVES SINGAPORE 823213,HDB,1.4005985,103.8989202,530,PUNGGOL MRT STATION[NE17],walking,walk,255,OPP BLK 268D (65331),walking,walk,268,OPP BLK 272C (65341),walking,walk,274,BLK 272C (65349),walking,walk,,,,
271C PUNGGOL WALK PUNGGOL RESIDENCES SINGAPORE 823271,HDB,1.4039417,103.9010343,108,PUNGGOL MRT STATION[NE17],walking,walk,136,PUNGGOL TEMP INT (65009),walking,walk,182,PUNGGOL STN/INT (65259),walking,walk,193,BLK 272C (65349),walking,walk,,,,
272C PUNGGOL WALK PUNGGOL RESIDENCES SINGAPORE 823272,HDB,1.4028571,103.9000672,262,PUNGGOL MRT STATION[NE17],walking,walk,106,BLK 272C (65349),walking,walk,138,OPP BLK 272C (65341),walking,walk,172,OPP BLK 268D (65331),walking,walk,,,,
308C PUNGGOL WALK WATERWAY TERRACES I SINGAPORE 823308,HDB,1.4080069,103.8990744,75,SUMANG LRT STATION[PW6],walking,walk,168,OPP BLK 264A (65401),walking,walk,203,BEF BLK 264 (65409),walking,walk,292,BLK 310B (65469),walking,walk,,,,
310C PUNGGOL WALK WATERWAY TERRACES II SINGAPORE 823310,HDB,1.409711,103.8998984,206,SUMANG LRT STATION[PW6],walking,walk,120,BLK 310B (65469),walking,walk,156,BLK 312 CP (65461),walking,walk,191,NIBONG STN EXIT B (65611),walking,walk,,,,
211D PUNGGOL WALK PUNGGOL RIPPLES SINGAPORE 824211,HDB,1.4009356,103.8991985,481,PUNGGOL MRT STATION[NE17],walking,walk,222,OPP BLK 272C (65341),walking,walk,226,BLK 272C (65349),walking,walk,227,OPP BLK 268D (65331),walking,walk,,,,
271D PUNGGOL WALK PUNGGOL RESIDENCES SINGAPORE 824271,HDB,1.4035143,103.9008903,145,PUNGGOL MRT STATION[NE17],walking,walk,144,BLK 272C (65349),walking,walk,151,PUNGGOL TEMP INT (65009),walking,walk,174,OPP BLK 272C (65341),walking,walk,,,,
272D PUNGGOL WALK PUNGGOL RESIDENCES SINGAPORE 824272,HDB,1.4027335,103.9004635,238,PUNGGOL MRT STATION[NE17],walking,walk,66,BLK 272C (65349),walking,walk,101,OPP BLK 272C (65341),walking,walk,216,OPP BLK 268D (65331),walking,walk,,,,
261 PUNGGOL WAY PUNGGOL TOPAZ SINGAPORE 820261,HDB,1.4054135,103.8968239,54,SOO TECK LRT STATION[PW7],walking,walk,103,SOO TECK STN (65141),walking,walk,108,SOO TECK STN (65149),walking,walk,224,BLK 258A (65579),walking,walk,,,,
264 PUNGGOL WAY PUNGGOL EMERALD SINGAPORE 820264,HDB,1.4061402,103.8990243,214,SOO TECK LRT STATION[PW7],walking,walk,55,OPP BLK 264A (65401),walking,walk,62,BEF BLK 264 (65409),walking,walk,272,SOO TECK STN (65141),walking,walk,,,,
265 PUNGGOL WAY PUNGGOL EMERALD SINGAPORE 820265,HDB,1.4059878,103.8990204,207,SOO TECK LRT STATION[PW7],walking,walk,67,BEF BLK 264 (65409),walking,walk,69,OPP BLK 264A (65401),walking,walk,261,SOO TECK STN (65141),walking,walk,,,,
266 PUNGGOL WAY PUNGGOL EMERALD SINGAPORE 820266,HDB,1.40546,103.8983542,119,SOO TECK LRT STATION[PW7],walking,walk,125,OPP BLK 264A (65401),walking,walk,161,BEF BLK 264 (65409),walking,walk,166,SOO TECK STN (65141),walking,walk,,,,
314 PUNGGOL WAY WATERWAY CASCADIA SINGAPORE 820314,HDB,1.4084407,103.897171,152,SUMANG LRT STATION[PW6],walking,walk,144,BLK 315B (65449),walking,walk,155,OPP BLK 315B (65441),walking,walk,248,OPP BLK 322 CP (65459),walking,walk,,,,
315 PUNGGOL WAY WATERWAY CASCADIA SINGAPORE 820315,HDB,1.4079559,103.8969352,186,SUMANG LRT STATION[PW6],walking,walk,112,BLK 315B (65449),walking,walk,129,OPP BLK 315B (65441),walking,walk,253,OPP BLK 264A (65401),walking,walk,,,,
316 PUNGGOL WAY WATERWAY CASCADIA SINGAPORE 820316,HDB,1.4091153,103.8975903,130,SUMANG LRT STATION[PW6],walking,walk,166,OPP BLK 322 CP (65459),walking,walk,175,BLK 322 CP (65451),walking,walk,219,BLK 315B (65449),walking,walk,,,,
446 PUNGGOL WAY PUNGGOL POINT COVE SINGAPORE 820446,HDB,1.4170507,103.9126936,676,PUNGGOL POINT LRT STATION[PW3],walking,walk,345,AFT TRACK 22 (65129),walking,walk,359,OPP TRACK 22 (65121),walking,walk,464,PUNGGOL RD END (65139),walking,walk,,,,
447 PUNGGOL WAY PUNGGOL POINT COVE SINGAPORE 820447,HDB,1.417821,103.9122652,637,PUNGGOL POINT LRT STATION[PW3],walking,walk,331,AFT TRACK 22 (65129),walking,walk,333,OPP TRACK 22 (65121),walking,walk,366,PUNGGOL RD END (65139),walking,walk,,,,
448 PUNGGOL WAY PUNGGOL POINT COVE SINGAPORE 820448,HDB,1.4163977,103.9132167,735,PUNGGOL POINT LRT STATION[PW3],walking,walk,394,AFT TRACK 22 (65129),walking,walk,416,OPP TRACK 22 (65121),walking,walk,,,,,,,,
260A PUNGGOL WAY PUNGGOL TOPAZ SINGAPORE 821260,HDB,1.4047971,103.8966161,92,SOO TECK LRT STATION[PW7],walking,walk,52,SOO TECK STN (65149),walking,walk,66,SOO TECK STN (65141),walking,walk,152,BLK 258A (65579),walking,walk,,,,
261A PUNGGOL WAY PUNGGOL TOPAZ SINGAPORE 821261,HDB,1.4059699,103.8968033,94,SOO TECK LRT STATION[PW7],walking,walk,163,SOO TECK STN (65141),walking,walk,170,SOO TECK STN (65149),walking,walk,221,OPP BLK 264A (65401),walking,walk,,,,
264A PUNGGOL WAY PUNGGOL EMERALD SINGAPORE 821264,HDB,1.405977,103.8985441,159,SOO TECK LRT STATION[PW7],walking,walk,64,OPP BLK 264A (65401),walking,walk,118,BEF BLK 264 (65409),walking,walk,220,SOO TECK STN (65141),walking,walk,,,,
265A PUNGGOL WAY PUNGGOL EMERALD SINGAPORE 821265,HDB,1.4056669,103.8987156,163,SOO TECK LRT STATION[PW7],walking,walk,96,OPP BLK 264A (65401),walking,walk,115,BEF BLK 264 (65409),walking,walk,212,SOO TECK STN (65141),walking,walk,,,,
266A PUNGGOL WAY PUNGGOL EMERALD SINGAPORE 821266,HDB,1.4059607,103.8979707,106,SOO TECK LRT STATION[PW7],walking,walk,104,OPP BLK 264A (65401),walking,walk,180,SOO TECK STN (65141),walking,walk,181,BEF BLK 264 (65409),walking,walk,,,,
314A PUNGGOL WAY WATERWAY CASCADIA SINGAPORE 821314,HDB,1.4082619,103.8980179,61,SUMANG LRT STATION[PW6],walking,walk,207,OPP BLK 264A (65401),walking,walk,233,BLK 315B (65449),walking,walk,247,OPP BLK 315B (65441),walking,walk,,,,
315A PUNGGOL WAY WATERWAY CASCADIA SINGAPORE 821315,HDB,1.4083168,103.897053,166,SUMANG LRT STATION[PW6],walking,walk,128,BLK 315B (65449),walking,walk,140,OPP BLK 315B (65441),walking,walk,265,OPP BLK 322 CP (65459),walking,walk,,,,
316A PUNGGOL WAY WATERWAY CASCADIA SINGAPORE 821316,HDB,1.4089017,103.8984078,53,SUMANG LRT STATION[PW6],walking,walk,204,OPP BLK 322 CP (65459),walking,walk,218,BLK 322 CP (65451),walking,walk,265,OPP BLK 264A (65401),walking,walk,,,,
446A PUNGGOL WAY PUNGGOL POINT COVE SINGAPORE 821446,HDB,1.4164398,103.9122721,630,PUNGGOL POINT LRT STATION[PW3],walking,walk,289,AFT TRACK 22 (65129),walking,walk,311,OPP TRACK 22 (65121),walking,walk,,,,,,,,
447A PUNGGOL WAY PUNGGOL POINT COVE SINGAPORE 821447,HDB,1.4173224,103.9123859,643,PUNGGOL POINT LRT STATION[PW3],walking,walk,320,AFT TRACK 22 (65129),walking,walk,330,OPP TRACK 22 (65121),walking,walk,420,PUNGGOL RD END (65139),walking,walk,,,,
448A PUNGGOL WAY PUNGGOL POINT COVE SINGAPORE 821448,HDB,1.4171874,103.9130792,719,PUNGGOL POINT LRT STATION[PW3],walking,walk,390,AFT TRACK 22 (65129),walking,walk,403,OPP TRACK 22 (65121),walking,walk,475,PUNGGOL RD END (65139),walking,walk,,,,
260B PUNGGOL WAY PUNGGOL TOPAZ SINGAPORE 822260,HDB,1.4048849,103.8963513,113,SOO TECK LRT STATION[PW7],walking,walk,80,SOO TECK STN (65149),walking,walk,97,SOO TECK STN (65141),walking,walk,151,BLK 258A (65579),walking,walk,,,,
261B PUNGGOL WAY PUNGGOL TOPAZ SINGAPORE 822261,HDB,1.4060153,103.8965083,119,SOO TECK LRT STATION[PW7],walking,walk,178,SOO TECK STN (65141),walking,walk,181,SOO TECK STN (65149),walking,walk,234,BLK 315B (65449),walking,walk,,,,
265B PUNGGOL WAY PUNGGOL EMERALD SINGAPORE 822265,HDB,1.4051997,103.8986626,152,SOO TECK LRT STATION[PW7],walking,walk,148,OPP BLK 264A (65401),walking,walk,154,BEF BLK 264 (65409),walking,walk,181,SOO TECK STN (65141),walking,walk,,,,
266B PUNGGOL WAY PUNGGOL EMERALD SINGAPORE 822266,HDB,1.4055747,103.8979257,77,SOO TECK LRT STATION[PW7],walking,walk,137,OPP BLK 264A (65401),walking,walk,142,SOO TECK STN (65141),walking,walk,168,SOO TECK STN (65149),walking,walk,,,,
314B PUNGGOL WAY WATERWAY CASCADIA SINGAPORE 822314,HDB,1.4078978,103.8973708,143,SUMANG LRT STATION[PW6],walking,walk,160,BLK 315B (65449),walking,walk,178,OPP BLK 315B (65441),walking,walk,212,OPP BLK 264A (65401),walking,walk,,,,
315B PUNGGOL WAY WATERWAY CASCADIA SINGAPORE 822315,HDB,1.407956,103.8964008,244,SUMANG LRT STATION[PW6],walking,walk,53,BLK 315B (65449),walking,walk,71,OPP BLK 315B (65441),walking,walk,301,OPP BLK 264A (65401),walking,walk,,,,
316B PUNGGOL WAY WATERWAY CASCADIA SINGAPORE 822316,HDB,1.4089467,103.8979255,89,SUMANG LRT STATION[PW6],walking,walk,186,OPP BLK 322 CP (65459),walking,walk,197,BLK 322 CP (65451),walking,walk,243,BLK 315B (65449),walking,walk,,,,
446B PUNGGOL WAY PUNGGOL POINT COVE SINGAPORE 822446,HDB,1.4168733,103.9123078,632,PUNGGOL POINT LRT STATION[PW3],walking,walk,299,AFT TRACK 22 (65129),walking,walk,314,OPP TRACK 22 (65121),walking,walk,,,,,,,,
448B PUNGGOL WAY PUNGGOL POINT COVE SINGAPORE 822448,HDB,1.416497,103.9135353,770,PUNGGOL POINT LRT STATION[PW3],walking,walk,430,AFT TRACK 22 (65129),walking,walk,451,OPP TRACK 22 (65121),walking,walk,,,,,,,,
260C PUNGGOL WAY PUNGGOL TOPAZ SINGAPORE 823260,HDB,1.4052457,103.8964109,98,SOO TECK LRT STATION[PW7],walking,walk,106,SOO TECK STN (65149),walking,walk,114,SOO TECK STN (65141),walking,walk,177,BLK 259 CP (65499),walking,walk,,,,
261C PUNGGOL WAY PUNGGOL TOPAZ SINGAPORE 823261,HDB,1.405623,103.8964704,99,SOO TECK LRT STATION[PW7],walking,walk,140,SOO TECK STN (65149),walking,walk,142,SOO TECK STN (65141),walking,walk,204,BLK 259 CP (65499),walking,walk,,,,
265C PUNGGOL WAY PUNGGOL EMERALD SINGAPORE 823265,HDB,1.4049973,103.8985186,139,SOO TECK LRT STATION[PW7],walking,walk,158,SOO TECK STN (65141),walking,walk,171,OPP BLK 264A (65401),walking,walk,181,BEF BLK 264 (65409),walking,walk,,,,
266C PUNGGOL WAY PUNGGOL EMERALD SINGAPORE 823266,HDB,1.4051542,103.8978052,58,SOO TECK LRT STATION[PW7],walking,walk,98,SOO TECK STN (65141),walking,walk,126,SOO TECK STN (65149),walking,walk,183,OPP BLK 264A (65401),walking,walk,,,,
314C PUNGGOL WAY SINGAPORE 823314,HDB,1.4077876,103.8978712,103,SUMANG LRT STATION[PW6],walking,walk,168,OPP BLK 264A (65401),walking,walk,217,BLK 315B (65449),walking,walk,235,OPP BLK 315B (65441),walking,walk,,,,
315C PUNGGOL WAY WATERWAY CASCADIA SINGAPORE 823315,HDB,1.4078538,103.8959852,291,SUMANG LRT STATION[PW6],walking,walk,21,BLK 315B (65449),walking,walk,41,OPP BLK 315B (65441),walking,walk,336,OPP BLK 264A (65401),walking,walk,,,,
316C PUNGGOL WAY WATERWAY CASCADIA SINGAPORE 823316,HDB,1.4089758,103.8970248,179,SUMANG LRT STATION[PW6],walking,walk,159,BLK 315B (65449),walking,walk,163,OPP BLK 315B (65441),walking,walk,197,OPP BLK 322 CP (65459),walking,walk,,,,
448C PUNGGOL WAY SINGAPORE 823448,HDB,1.4163943,103.9130571,718,PUNGGOL POINT LRT STATION[PW3],walking,walk,377,AFT TRACK 22 (65129),walking,walk,399,OPP TRACK 22 (65121),walking,walk,,,,,,,,
265D PUNGGOL WAY PUNGGOL EMERALD SINGAPORE 824265,HDB,1.4048261,103.8983017,122,SOO TECK LRT STATION[PW7],walking,walk,130,SOO TECK STN (65141),walking,walk,158,SOO TECK STN (65149),walking,walk,190,BLK 268C (65339),walking,walk,,,,
266D PUNGGOL WAY PUNGGOL EMERALD SINGAPORE 824266,HDB,1.4049396,103.8980368,90,SOO TECK LRT STATION[PW7],walking,walk,106,SOO TECK STN (65141),walking,walk,135,SOO TECK STN (65149),walking,walk,192,OPP BLK 264A (65401),walking,walk,,,,
316D PUNGGOL WAY WATERWAY CASCADIA SINGAPORE 824316,HDB,1.4087931,103.8968121,196,SUMANG LRT STATION[PW6],walking,walk,128,BLK 315B (65449),walking,walk,132,OPP BLK 315B (65441),walking,walk,225,OPP BLK 322 CP (65459),walking,walk,,,,
81 PUNGGOL WAY PUNGGOL POINT LRT STATION SINGAPORE 828644,HDB,1.4168485,103.9066508,4,PUNGGOL POINT LRT STATION[PW3],walking,walk,145,AFT PUNGGOL PT STN (65631),walking,walk,168,BEF PUNGGOL PT STN (65639),walking,walk,314,OPP TRACK 22 (65121),walking,walk,,,,
61 PUNGGOL WAY SAMUDERA LRT STATION SINGAPORE 828645,HDB,1.4159017,103.9021563,3,SAMUDERA LRT STATION[PW4],walking,walk,41,SAMUDERA STN EXIT B (65621),walking,walk,74,SAMUDERA STN EXIT A (65629),walking,walk,394,AFT PUNGGOL PT STN (65631),walking,walk,,,,
612 PUNGGOL DRIVE DAMAI GROVE SINGAPORE 820612,HDB,1.40461,103.9086656,173,BLK 604A (65099),walking,walk,,,,,,,,,,,,,,,,
613 PUNGGOL DRIVE DAMAI GROVE SINGAPORE 820613,HDB,1.4049289,103.9077468,87,BLK 604A (65099),walking,walk,169,BLK 301A (65091),walking,walk,,,,,,,,,,,,
612A PUNGGOL DRIVE DAMAI GROVE SINGAPORE 821612,HDB,1.4041643,103.9091177,225,BLK 604A (65099),walking,walk,,,,,,,,,,,,,,,,
613A PUNGGOL DRIVE DAMAI GROVE SINGAPORE 821613,HDB,1.4044205,103.907861,83,BLK 604A (65099),walking,walk,153,BLK 301A (65091),walking,walk,,,,,,,,,,,,
612B PUNGGOL DRIVE DAMAI GROVE SINGAPORE 822612,HDB,1.4049386,103.9081572,127,BLK 604A (65099),walking,walk,,,,,,,,,,,,,,,,
613B PUNGGOL DRIVE DAMAI GROVE SINGAPORE 822613,HDB,1.4042771,103.9082778,131,BLK 604A (65099),walking,walk,,,,,,,,,,,,,,,,
612C PUNGGOL DRIVE DAMAI GROVE SINGAPORE 823612,HDB,1.4050777,103.9077599,98,BLK 604A (65099),walking,walk,,,,,,,,,,,,,,,,
613C PUNGGOL DRIVE DAMAI GROVE SINGAPORE 823613,HDB,1.4039832,103.9086639,180,BLK 604A (65099),walking,walk,,,,,,,,,,,,,,,,
305D PUNGGOL DRIVE TREELODGE@PUNGGOL SINGAPORE 824305,HDB,1.4058321,103.906791,155,BLK 604A (65099),walking,walk,,,,,,,,,,,,,,,,
306D PUNGGOL DRIVE TREELODGE@PUNGGOL SINGAPORE 824306,HDB,1.4060814,103.9064384,191,PUNGGOL VIEW PR SCH (65351),walking,walk,194,BLK 604A (65099),walking,walk,,,,,,,,,,,,
612D PUNGGOL DRIVE DAMAI GROVE SINGAPORE 824612,HDB,1.4047265,103.9076236,63,BLK 604A (65099),walking,walk,144,BLK 301A (65091),walking,walk,,,,,,,,,,,,
613D PUNGGOL DRIVE DAMAI GROVE SINGAPORE 824613,HDB,1.4038244,103.9089093,211,BLK 604A (65099),walking,walk,,,,,,,,,,,,,,,,
217 SUMANG WALK MATILDA PORTICO SINGAPORE 820217,HDB,1.4028576,103.8956154,327,SOO TECK LRT STATION[PW7],walking,walk,69,BLK 218 (65571),walking,walk,90,BLK 258A (65579),walking,walk,134,TWIN WATERFALLS (65431),walking,walk,,,,
218 SUMANG WALK MATILDA PORTICO SINGAPORE 820218,HDB,1.4032271,103.895387,311,SOO TECK LRT STATION[PW7],walking,walk,32,BLK 218 (65571),walking,walk,80,BLK 258A (65579),walking,walk,154,BLK 259 CP (65499),walking,walk,,,,
219 SUMANG WALK MATILDA PORTICO SINGAPORE 820219,HDB,1.4024314,103.8961988,339,SOO TECK LRT STATION[PW7],walking,walk,58,TWIN WATERFALLS (65431),walking,walk,79,AFT TPE (65439),walking,walk,126,BLK 258A (65579),walking,walk,,,,
256 SUMANG WALK PUNGGOL OPAL SINGAPORE 820256,HDB,1.4055349,103.8955145,199,SOO TECK LRT STATION[PW7],walking,walk,124,OPP BLK 259 CP (65491),walking,walk,124,BLK 259 CP (65499),walking,walk,198,SOO TECK STN (65149),walking,walk,,,,
257 SUMANG WALK PUNGGOL OPAL SINGAPORE 820257,HDB,1.4052356,103.8956418,183,SOO TECK LRT STATION[PW7],walking,walk,106,OPP BLK 259 CP (65491),walking,walk,106,BLK 259 CP (65499),walking,walk,167,SOO TECK STN (65149),walking,walk,,,,
321 SUMANG WALK PUNGGOL BAYVIEW SINGAPORE 820321,HDB,1.4104377,103.8970905,275,SUMANG LRT STATION[PW6],walking,walk,62,BLK 322 CP (65451),walking,walk,72,OPP BLK 322 CP (65459),walking,walk,289,OPP BLK 315B (65441),walking,walk,,,,
322 SUMANG WALK PUNGGOL BAYVIEW SINGAPORE 820322,HDB,1.411247,103.8975014,318,NIBONG LRT STATION[PW5],walking,walk,62,BLK 322 CP (65451),walking,walk,74,OPP BLK 322 CP (65459),walking,walk,287,NIBONG STN EXIT A (65619),walking,walk,,,,
324 SUMANG WALK PUNGGOL BAYVIEW SINGAPORE 820324,HDB,1.4131723,103.8984192,255,NIBONG LRT STATION[PW5],walking,walk,261,NIBONG STN EXIT A (65619),walking,walk,285,NIBONG STN EXIT B (65611),walking,walk,290,BLK 322 CP (65451),walking,walk,,,,
325 SUMANG WALK PUNGGOL BAYVIEW SINGAPORE 820325,HDB,1.413462,103.8987513,248,NIBONG LRT STATION[PW5],walking,walk,263,NIBONG STN EXIT A (65619),walking,walk,285,NIBONG STN EXIT B (65611),walking,walk,334,BLK 322 CP (65451),walking,walk,,,,
326 SUMANG WALK PUNGGOL VUE SINGAPORE 820326,HDB,1.4131435,103.8995269,167,NIBONG LRT STATION[PW5],walking,walk,192,NIBONG STN EXIT A (65619),walking,walk,211,NIBONG STN EXIT B (65611),walking,walk,345,OPP BLK 322 CP (65459),walking,walk,,,,
327 SUMANG WALK PUNGGOL VUE SINGAPORE 820327,HDB,1.4123119,103.9000614,57,NIBONG LRT STATION[PW5],walking,walk,90,NIBONG STN EXIT A (65619),walking,walk,104,NIBONG STN EXIT B (65611),walking,walk,294,BLK 310B (65469),walking,walk,,,,
217A SUMANG WALK MATILDA PORTICO SINGAPORE 821217,HDB,1.4029859,103.8950208,358,SOO TECK LRT STATION[PW7],walking,walk,79,BLK 218 (65571),walking,walk,129,BLK 258A (65579),walking,walk,165,BLK 224A (65539),walking,walk,,,,
256A SUMANG WALK PUNGGOL OPAL SINGAPORE 821256,HDB,1.4060916,103.8957066,198,SOO TECK LRT STATION[PW7],walking,walk,189,OPP BLK 259 CP (65491),walking,walk,189,BLK 259 CP (65499),walking,walk,218,BLK 315B (65449),walking,walk,,,,
321A SUMANG WALK PUNGGOL BAYVIEW SINGAPORE 821321,HDB,1.4107437,103.8972493,294,SUMANG LRT STATION[PW6],walking,walk,38,BLK 322 CP (65451),walking,walk,54,OPP BLK 322 CP (65459),walking,walk,325,NIBONG STN EXIT A (65619),walking,walk,,,,
322A SUMANG WALK PUNGGOL BAYVIEW SINGAPORE 821322,HDB,1.4113945,103.8970324,367,NIBONG LRT STATION[PW5],walking,walk,100,BLK 322 CP (65451),walking,walk,116,OPP BLK 322 CP (65459),walking,walk,338,NIBONG STN EXIT A (65619),walking,walk,,,,
323A SUMANG WALK PUNGGOL BAYVIEW SINGAPORE 821323,HDB,1.4123914,103.8982337,237,NIBONG LRT STATION[PW5],walking,walk,202,BLK 322 CP (65451),walking,walk,206,OPP BLK 322 CP (65459),walking,walk,227,NIBONG STN EXIT A (65619),walking,walk,,,,
324A SUMANG WALK PUNGGOL BAYVIEW SINGAPORE 821324,HDB,1.412929,103.898354,247,NIBONG LRT STATION[PW5],walking,walk,248,NIBONG STN EXIT A (65619),walking,walk,262,BLK 322 CP (65451),walking,walk,267,OPP BLK 322 CP (65459),walking,walk,,,,
325A SUMANG WALK PUNGGOL BAYVIEW SINGAPORE 821325,HDB,1.4135966,103.8981213,310,NIBONG LRT STATION[PW5],walking,walk,318,NIBONG STN EXIT A (65619),walking,walk,328,BLK 322 CP (65451),walking,walk,335,OPP BLK 322 CP (65459),walking,walk,,,,
326A SUMANG WALK PUNGGOL VUE SINGAPORE 821326,HDB,1.4129929,103.8993268,166,NIBONG LRT STATION[PW5],walking,walk,185,NIBONG STN EXIT A (65619),walking,walk,206,NIBONG STN EXIT B (65611),walking,walk,319,OPP BLK 322 CP (65459),walking,walk,,,,
327A SUMANG WALK PUNGGOL VUE SINGAPORE 821327,HDB,1.4124361,103.8991336,145,NIBONG LRT STATION[PW5],walking,walk,147,NIBONG STN EXIT A (65619),walking,walk,171,NIBONG STN EXIT B (65611),walking,walk,256,OPP BLK 322 CP (65459),walking,walk,,,,
217B SUMANG WALK MATILDA PORTICO SINGAPORE 822217,HDB,1.4024016,103.894935,413,SOO TECK LRT STATION[PW7],walking,walk,137,BLK 218 (65571),walking,walk,137,BLK 224A (65539),walking,walk,148,BLK 226A (65531),walking,walk,,,,
256B SUMANG WALK PUNGGOL OPAL SINGAPORE 822256,HDB,1.4060491,103.8961795,150,SOO TECK LRT STATION[PW7],walking,walk,197,SOO TECK STN (65149),walking,walk,199,SOO TECK STN (65141),walking,walk,213,OPP BLK 259 CP (65491),walking,walk,,,,
322B SUMANG WALK PUNGGOL BAYVIEW SINGAPORE 822322,HDB,1.4109159,103.8968867,331,SUMANG LRT STATION[PW6],walking,walk,82,BLK 322 CP (65451),walking,walk,98,OPP BLK 322 CP (65459),walking,walk,327,OPP BLK 315B (65441),walking,walk,,,,
323B SUMANG WALK PUNGGOL BAYVIEW SINGAPORE 822323,HDB,1.4120571,103.8977616,283,NIBONG LRT STATION[PW5],walking,walk,153,BLK 322 CP (65451),walking,walk,161,OPP BLK 322 CP (65459),walking,walk,264,NIBONG STN EXIT A (65619),walking,walk,,,,
325B SUMANG WALK PUNGGOL BAYVIEW SINGAPORE 822325,HDB,1.4131214,103.8979273,299,NIBONG LRT STATION[PW5],walking,walk,272,BLK 322 CP (65451),walking,walk,280,OPP BLK 322 CP (65459),walking,walk,299,NIBONG STN EXIT A (65619),walking,walk,,,,
326B SUMANG WALK PUNGGOL VUE SINGAPORE 822326,HDB,1.412605,103.8997332,104,NIBONG LRT STATION[PW5],walking,walk,128,NIBONG STN EXIT A (65619),walking,walk,147,NIBONG STN EXIT B (65611),walking,walk,315,OPP BLK 322 CP (65459),walking,walk,,,,
327B SUMANG WALK PUNGGOL VUE SINGAPORE 822327,HDB,1.4122557,103.8995758,92,NIBONG LRT STATION[PW5],walking,walk,100,NIBONG STN EXIT A (65619),walking,walk,123,NIBONG STN EXIT B (65611),walking,walk,275,OPP BLK 322 CP (65459),walking,walk,,,,
217C SUMANG WALK MATILDA PORTICO SINGAPORE 823217,HDB,1.4023585,103.8954941,381,SOO TECK LRT STATION[PW7],walking,walk,115,AFT TPE (65439),walking,walk,124,BLK 218 (65571),walking,walk,136,TWIN WATERFALLS (65431),walking,walk,,,,
256C SUMANG WALK PUNGGOL OPAL SINGAPORE 823256,HDB,1.405402,103.8959105,154,SOO TECK LRT STATION[PW7],walking,walk,140,OPP BLK 259 CP (65491),walking,walk,140,BLK 259 CP (65499),walking,walk,155,SOO TECK STN (65149),walking,walk,,,,
322C SUMANG WALK PUNGGOL BAYVIEW SINGAPORE 823322,HDB,1.4105191,103.8965814,318,SUMANG LRT STATION[PW6],walking,walk,113,BLK 322 CP (65451),walking,walk,127,OPP BLK 322 CP (65459),walking,walk,274,OPP BLK 315B (65441),walking,walk,,,,
323C SUMANG WALK PUNGGOL BAYVIEW SINGAPORE 823323,HDB,1.4126667,103.8976014,313,NIBONG LRT STATION[PW5],walking,walk,219,BLK 322 CP (65451),walking,walk,229,OPP BLK 322 CP (65459),walking,walk,304,NIBONG STN EXIT A (65619),walking,walk,,,,
326C SUMANG WALK PUNGGOL VUE SINGAPORE 823326,HDB,1.4124046,103.9001778,62,NIBONG LRT STATION[PW5],walking,walk,100,NIBONG STN EXIT A (65619),walking,walk,112,NIBONG STN EXIT B (65611),walking,walk,300,BLK 310B (65469),walking,walk,,,,
327C SUMANG WALK PUNGGOL VUE SINGAPORE 823327,HDB,1.4120693,103.8999743,43,NIBONG LRT STATION[PW5],walking,walk,64,NIBONG STN EXIT A (65619),walking,walk,82,NIBONG STN EXIT B (65611),walking,walk,273,BLK 310B (65469),walking,walk,,,,
217D SUMANG WALK MATILDA PORTICO SINGAPORE 824217,HDB,1.4020499,103.8961662,380,SOO TECK LRT STATION[PW7],walking,walk,39,AFT TPE (65439),walking,walk,72,TWIN WATERFALLS (65431),walking,walk,168,BLK 258A (65579),walking,walk,,,,
256D SUMANG WALK PUNGGOL OPAL SINGAPORE 824256,HDB,1.4049487,103.8960077,147,SOO TECK LRT STATION[PW7],walking,walk,116,SOO TECK STN (65149),walking,walk,123,BLK 259 CP (65499),walking,walk,124,OPP BLK 259 CP (65491),walking,walk,,,,
322D SUMANG WALK PUNGGOL BAYVIEW SINGAPORE 824322,HDB,1.4100363,103.8963802,299,SUMANG LRT STATION[PW6],walking,walk,153,BLK 322 CP (65451),walking,walk,162,OPP BLK 322 CP (65459),walking,walk,216,OPP BLK 315B (65441),walking,walk,,,,
323D SUMANG WALK PUNGGOL BAYVIEW SINGAPORE 824323,HDB,1.4121881,103.8974557,318,NIBONG LRT STATION[PW5],walking,walk,167,BLK 322 CP (65451),walking,walk,178,OPP BLK 322 CP (65459),walking,walk,301,NIBONG STN EXIT A (65619),walking,walk,,,,
326D SUMANG WALK PUNGGOL VUE SINGAPORE 824326,HDB,1.4128105,103.9001772,107,NIBONG LRT STATION[PW5],walking,walk,145,NIBONG STN EXIT A (65619),walking,walk,157,NIBONG STN EXIT B (65611),walking,walk,343,BLK 310B (65469),walking,walk,,,,
52 SUMANG WALK PUNGGOL COVE PRIMARY SCHOOL SINGAPORE 828674,HDB,1.4115636,103.8989704,151,NIBONG LRT STATION[PW5],walking,walk,123,NIBONG STN EXIT A (65619),walking,walk,145,NIBONG STN EXIT B (65611),walking,walk,174,OPP BLK 322 CP (65459),walking,walk,,,,
6 SUMANG WALK SINGAPORE 828675,HDB,1.4050973,103.8953623,215,SOO TECK LRT STATION[PW7],walking,walk,74,OPP BLK 259 CP (65491),walking,walk,74,BLK 259 CP (65499),walking,walk,181,BLK 218 (65571),walking,walk,,,,
8 SUMANG WALK SINGAPORE 828676,HDB,1.406937,103.8962751,216,SOO TECK LRT STATION[PW7],walking,walk,128,BLK 315B (65449),walking,walk,148,OPP BLK 315B (65441),walking,walk,274,OPP BLK 264A (65401),walking,walk,,,,
220 SUMANG LANE MATILDA EDGE SINGAPORE 820220,HDB,1.4013385,103.8949618,509,SOO TECK LRT STATION[PW7],walking,walk,156,AFT TPE (65439),walking,walk,175,BLK 224A (65539),walking,walk,192,BLK 226A (65531),walking,walk,,,,
221 SUMANG LANE SINGAPORE 820221,HDB,1.4007699,103.8954846,140,AFT TPE (65439),walking,walk,226,TWIN WATERFALLS (65431),walking,walk,260,BLK 224A (65539),walking,walk,,,,,,,,
222 SUMANG LANE MATILDA EDGE SINGAPORE 820222,HDB,1.4011122,103.8942709,145,BLK 224A (65539),walking,walk,161,BLK 226A (65531),walking,walk,237,AFT TPE (65439),walking,walk,,,,,,,,
223 SUMANG LANE SINGAPORE 820223,HDB,1.4010341,103.8926193,184,BLK 224A (65539),walking,walk,186,BLK 226A (65531),walking,walk,312,BLK 227A (65551),walking,walk,,,,,,,,
224 SUMANG LANE MATILDA EDGE SINGAPORE 820224,HDB,1.4015462,103.8936056,583,SOO TECK LRT STATION[PW7],walking,walk,83,BLK 224A (65539),walking,walk,94,BLK 226A (65531),walking,walk,245,BLK 227A (65551),walking,walk,,,,
226 SUMANG LANE THE VERANDAH @ MATILDA SINGAPORE 820226,HDB,1.4030866,103.8933677,499,SOO TECK LRT STATION[PW7],walking,walk,72,BLK 227A (65551),walking,walk,80,BLK 226A (65531),walking,walk,95,BLK 224A (65539),walking,walk,,,,
231 SUMANG LANE MATILDA COURT SINGAPORE 820231,HDB,1.4020605,103.8922138,158,BLK 226A (65531),walking,walk,167,BLK 224A (65539),walking,walk,197,AFT SUMANG LANE (65549),walking,walk,,,,,,,,
232 SUMANG LANE MATILDA COURT SINGAPORE 820232,HDB,1.4017843,103.8900741,230,AFT SUMANG LANE (65549),walking,walk,235,BEF SUMANG LANE (65541),walking,walk,,,,,,,,,,,,
233 SUMANG LANE MATILDA COURT SINGAPORE 820233,HDB,1.4012704,103.8913893,251,AFT SUMANG LANE (65549),walking,walk,255,BEF SUMANG LANE (65541),walking,walk,275,BLK 226A (65531),walking,walk,,,,,,,,
234 SUMANG LANE MATILDA COURT SINGAPORE 820234,HDB,1.4015063,103.8922368,180,BLK 226A (65531),walking,walk,184,BLK 224A (65539),walking,walk,251,AFT SUMANG LANE (65549),walking,walk,,,,,,,,
220A SUMANG LANE MATILDA EDGE SINGAPORE 821220,HDB,1.4015231,103.8946278,512,SOO TECK LRT STATION[PW7],walking,walk,133,BLK 224A (65539),walking,walk,150,BLK 226A (65531),walking,walk,189,AFT TPE (65439),walking,walk,,,,
221A SUMANG LANE MATILDA EDGE SINGAPORE 821221,HDB,1.4009821,103.8956727,510,SOO TECK LRT STATION[PW7],walking,walk,109,AFT TPE (65439),walking,walk,195,TWIN WATERFALLS (65431),walking,walk,263,BLK 224A (65539),walking,walk,,,,
222A SUMANG LANE MATILDA EDGE SINGAPORE 821222,HDB,1.4011261,103.8934778,131,BLK 224A (65539),walking,walk,142,BLK 226A (65531),walking,walk,290,BLK 227A (65551),walking,walk,,,,,,,,
223A SUMANG LANE MATILDA EDGE SINGAPORE 821223,HDB,1.4012633,103.8928374,149,BLK 224A (65539),walking,walk,151,BLK 226A (65531),walking,walk,281,BLK 227A (65551),walking,walk,,,,,,,,
224A SUMANG LANE MATILDA EDGE SINGAPORE 821224,HDB,1.4019562,103.8928113,620,SOO TECK LRT STATION[PW7],walking,walk,100,BLK 226A (65531),walking,walk,105,BLK 224A (65539),walking,walk,207,BLK 227A (65551),walking,walk,,,,
226A SUMANG LANE THE VERANDAH @ MATILDA SINGAPORE 821226,HDB,1.4027281,103.8931013,545,SOO TECK LRT STATION[PW7],walking,walk,65,BLK 226A (65531),walking,walk,82,BLK 224A (65539),walking,walk,116,BLK 227A (65551),walking,walk,,,,
227A SUMANG LANE THE VERANDAH @ MATILDA SINGAPORE 821227,HDB,1.4035893,103.8929587,517,SOO TECK LRT STATION[PW7],walking,walk,48,BLK 227A (65551),walking,walk,69,OPP BLK 227A (65559),walking,walk,149,BLK 226A (65531),walking,walk,,,,
229A SUMANG LANE MATILDA SUNDECK SINGAPORE 821229,HDB,1.4028217,103.8921542,633,SOO TECK LRT STATION[PW7],walking,walk,131,AFT SUMANG LANE (65549),walking,walk,132,BEF SUMANG LANE (65541),walking,walk,142,OPP BLK 227A (65559),walking,walk,,,,
231A SUMANG LANE MATILDA COURT SINGAPORE 821231,HDB,1.4020592,103.8918791,179,AFT SUMANG LANE (65549),walking,walk,182,BEF SUMANG LANE (65541),walking,walk,194,BLK 226A (65531),walking,walk,,,,,,,,
232A SUMANG LANE MATILDA COURT SINGAPORE 821232,HDB,1.4021869,103.8910433,149,AFT SUMANG LANE (65549),walking,walk,154,BEF SUMANG LANE (65541),walking,walk,265,OPP BLK 227A (65559),walking,walk,,,,,,,,
233A SUMANG LANE MATILDA COURT SINGAPORE 821233,HDB,1.4015816,103.8903108,237,AFT SUMANG LANE (65549),walking,walk,242,BEF SUMANG LANE (65541),walking,walk,,,,,,,,,,,,
234A SUMANG LANE MATILDA COURT SINGAPORE 821234,HDB,1.401671,103.8918975,205,BLK 226A (65531),walking,walk,211,BLK 224A (65539),walking,walk,219,AFT SUMANG LANE (65549),walking,walk,,,,,,,,
220B SUMANG LANE MATILDA EDGE SINGAPORE 822220,HDB,1.4015103,103.8954201,467,SOO TECK LRT STATION[PW7],walking,walk,102,AFT TPE (65439),walking,walk,174,TWIN WATERFALLS (65431),walking,walk,209,BLK 224A (65539),walking,walk,,,,
221B SUMANG LANE MATILDA EDGE SINGAPORE 822221,HDB,1.4010194,103.895063,534,SOO TECK LRT STATION[PW7],walking,walk,160,AFT TPE (65439),walking,walk,207,BLK 224A (65539),walking,walk,224,BLK 226A (65531),walking,walk,,,,
224B SUMANG LANE MATILDA EDGE SINGAPORE 822224,HDB,1.4018318,103.8933737,580,SOO TECK LRT STATION[PW7],walking,walk,62,BLK 224A (65539),walking,walk,67,BLK 226A (65531),walking,walk,212,BLK 227A (65551),walking,walk,,,,
226B SUMANG LANE THE VERANDAH @ MATILDA SINGAPORE 822226,HDB,1.402685,103.893609,501,SOO TECK LRT STATION[PW7],walking,walk,31,BLK 226A (65531),walking,walk,44,BLK 224A (65539),walking,walk,120,BLK 227A (65551),walking,walk,,,,
227B SUMANG LANE THE VERANDAH @ MATILDA SINGAPORE 822227,HDB,1.4034741,103.8937238,444,SOO TECK LRT STATION[PW7],walking,walk,49,BLK 227A (65551),walking,walk,120,BLK 226A (65531),walking,walk,131,BLK 224A (65539),walking,walk,,,,
229B SUMANG LANE MATILDA SUNDECK SINGAPORE 822229,HDB,1.4028838,103.8917955,666,SOO TECK LRT STATION[PW7],walking,walk,96,AFT SUMANG LANE (65549),walking,walk,98,BEF SUMANG LANE (65541),walking,walk,153,OPP BLK 227A (65559),walking,walk,,,,
231B SUMANG LANE MATILDA COURT SINGAPORE 822231,HDB,1.4021284,103.8914669,157,AFT SUMANG LANE (65549),walking,walk,161,BEF SUMANG LANE (65541),walking,walk,238,BLK 226A (65531),walking,walk,,,,,,,,
232B SUMANG LANE MATILDA COURT SINGAPORE 822232,HDB,1.4023013,103.8906333,149,AFT SUMANG LANE (65549),walking,walk,154,BEF SUMANG LANE (65541),walking,walk,287,OPP BLK 227A (65559),walking,walk,,,,,,,,
233B SUMANG LANE MATILDA COURT SINGAPORE 822233,HDB,1.4016525,103.890713,214,AFT SUMANG LANE (65549),walking,walk,219,BEF SUMANG LANE (65541),walking,walk,330,BLK 226A (65531),walking,walk,,,,,,,,
234B SUMANG LANE MATILDA COURT SINGAPORE 822234,HDB,1.4015204,103.8915648,226,AFT SUMANG LANE (65549),walking,walk,230,BEF SUMANG LANE (65541),walking,walk,245,BLK 226A (65531),walking,walk,,,,,,,,
220C SUMANG LANE MATILDA EDGE SINGAPORE 823220,HDB,1.4016103,103.8960025,432,SOO TECK LRT STATION[PW7],walking,walk,37,AFT TPE (65439),walking,walk,118,TWIN WATERFALLS (65431),walking,walk,214,BLK 218 (65571),walking,walk,,,,
224C SUMANG LANE MATILDA EDGE SINGAPORE 823224,HDB,1.4016228,103.8939796,548,SOO TECK LRT STATION[PW7],walking,walk,80,BLK 224A (65539),walking,walk,96,BLK 226A (65531),walking,walk,244,BLK 227A (65551),walking,walk,,,,
226C SUMANG LANE THE VERANDAH @ MATILDA SINGAPORE 823226,HDB,1.4025811,103.8940175,471,SOO TECK LRT STATION[PW7],walking,walk,47,BLK 224A (65539),walking,walk,51,BLK 226A (65531),walking,walk,147,BLK 227A (65551),walking,walk,,,,
232C SUMANG LANE MATILDA COURT SINGAPORE 823232,HDB,1.4020404,103.8901187,203,AFT SUMANG LANE (65549),walking,walk,208,BEF SUMANG LANE (65541),walking,walk,349,OPP BLK 227A (65559),walking,walk,,,,,,,,
233C SUMANG LANE MATILDA COURT SINGAPORE 823233,HDB,1.4017316,103.8910415,199,AFT SUMANG LANE (65549),walking,walk,204,BEF SUMANG LANE (65541),walking,walk,293,BLK 226A (65531),walking,walk,,,,,,,,
226D SUMANG LANE THE VERANDAH @ MATILDA SINGAPORE 824226,HDB,1.4030782,103.8936349,474,SOO TECK LRT STATION[PW7],walking,walk,75,BLK 226A (65531),walking,walk,79,BLK 227A (65551),walking,walk,87,BLK 224A (65539),walking,walk,,,,
233D SUMANG LANE SINGAPORE 824233,HDB,1.4013155,103.8900432,276,AFT SUMANG LANE (65549),walking,walk,282,BEF SUMANG LANE (65541),walking,walk,,,,,,,,,,,,
312 SUMANG LINK PUNGGOL PARCVISTA SINGAPORE 820312,HDB,1.4102022,103.9015025,226,NIBONG LRT STATION[PW5],walking,walk,44,BLK 312 CP (65461),walking,walk,71,BLK 310B (65469),walking,walk,190,NIBONG STN EXIT B (65611),walking,walk,,,,
313 SUMANG LINK PUNGGOL PARCVISTA SINGAPORE 820313,HDB,1.4101693,103.9018307,252,NIBONG LRT STATION[PW5],walking,walk,68,BLK 312 CP (65461),walking,walk,102,BLK 310B (65469),walking,walk,220,NIBONG STN EXIT B (65611),walking,walk,,,,
312A SUMANG LINK PUNGGOL PARCVISTA SINGAPORE 821312,HDB,1.4108193,103.9003717,115,NIBONG LRT STATION[PW5],walking,walk,64,NIBONG STN EXIT B (65611),walking,walk,82,NIBONG STN EXIT A (65619),walking,walk,129,BLK 310B (65469),walking,walk,,,,
313A SUMANG LINK PUNGGOL PARCVISTA SINGAPORE 821313,HDB,1.4098518,103.9019953,291,NIBONG LRT STATION[PW5],walking,walk,77,BLK 312 CP (65461),walking,walk,113,BLK 310B (65469),walking,walk,257,NIBONG STN EXIT B (65611),walking,walk,,,,
312B SUMANG LINK PUNGGOL PARCVISTA SINGAPORE 822312,HDB,1.4113531,103.9006147,65,NIBONG LRT STATION[PW5],walking,walk,38,NIBONG STN EXIT B (65611),walking,walk,61,NIBONG STN EXIT A (65619),walking,walk,174,BLK 310B (65469),walking,walk,,,,
313B SUMANG LINK PUNGGOL PARCVISTA SINGAPORE 822313,HDB,1.4102395,103.9021436,272,NIBONG LRT STATION[PW5],walking,walk,102,BLK 312 CP (65461),walking,walk,137,BLK 310B (65469),walking,walk,244,NIBONG STN EXIT B (65611),walking,walk,,,,
312C SUMANG LINK PUNGGOL PARCVISTA SINGAPORE 823312,HDB,1.4109073,103.9011861,143,NIBONG LRT STATION[PW5],walking,walk,115,NIBONG STN EXIT B (65611),walking,walk,117,BLK 312 CP (65461),walking,walk,122,BLK 310B (65469),walking,walk,,,,
313C SUMANG LINK PUNGGOL PARCVISTA SINGAPORE 823313,HDB,1.4106289,103.9015519,194,NIBONG LRT STATION[PW5],walking,walk,90,BLK 312 CP (65461),walking,walk,109,BLK 310B (65469),walking,walk,165,NIBONG STN EXIT B (65611),walking,walk,,,,
10 SUMANG LINK SINGAPORE 828805,HDB,1.4103645,103.9010196,183,NIBONG LRT STATION[PW5],walking,walk,60,BLK 310B (65469),walking,walk,64,BLK 312 CP (65461),walking,walk,141,NIBONG STN EXIT B (65611),walking,walk,,,,
136 PUNGGOL WALK ECOPOLITAN SINGAPORE 828699,HDB,1.4005606,103.8973703,524,SOO TECK LRT STATION[PW7],walking,walk,174,AFT TPE (65439),walking,walk,215,TWIN WATERFALLS (65431),walking,walk,286,OPP BLK 268D (65331),walking,walk,,,,
138 PUNGGOL WALK ECOPOLITAN SINGAPORE 828700,HDB,1.4004555,103.8976596,537,SOO TECK LRT STATION[PW7],walking,walk,205,AFT TPE (65439),walking,walk,238,TWIN WATERFALLS (65431),walking,walk,284,OPP BLK 268D (65331),walking,walk,,,,
140 PUNGGOL WALK ECOPOLITAN SINGAPORE 828701,HDB,1.400553,103.8967616,528,SOO TECK LRT STATION[PW7],walking,walk,139,AFT TPE (65439),walking,walk,204,TWIN WATERFALLS (65431),walking,walk,320,BLK 268C (65339),walking,walk,,,,
108 PUNGGOL WALK TWIN WATERFALLS SINGAPORE 828764,HDB,1.402269,103.8970115,336,SOO TECK LRT STATION[PW7],walking,walk,34,TWIN WATERFALLS (65431),walking,walk,97,AFT TPE (65439),walking,walk,149,BLK 268C (65339),walking,walk,,,,
110 PUNGGOL WALK TWIN WATERFALLS SINGAPORE 828765,HDB,1.4021863,103.8972807,343,SOO TECK LRT STATION[PW7],walking,walk,65,TWIN WATERFALLS (65431),walking,walk,118,AFT TPE (65439),walking,walk,135,BLK 268C (65339),walking,walk,,,,
112 PUNGGOL WALK TWIN WATERFALLS SINGAPORE 828766,HDB,1.4022028,103.8975703,343,SOO TECK LRT STATION[PW7],walking,walk,96,TWIN WATERFALLS (65431),walking,walk,116,BLK 268C (65339),walking,walk,128,OPP BLK 268D (65331),walking,walk,,,,
114 PUNGGOL WALK TWIN WATERFALLS SINGAPORE 828767,HDB,1.4021312,103.8978279,354,SOO TECK LRT STATION[PW7],walking,walk,111,OPP BLK 268D (65331),walking,walk,113,BLK 268C (65339),walking,walk,125,TWIN WATERFALLS (65431),walking,walk,,,,
116 PUNGGOL WALK TWIN WATERFALLS SINGAPORE 828768,HDB,1.4025414,103.8979606,313,SOO TECK LRT STATION[PW7],walking,walk,66,BLK 268C (65339),walking,walk,71,OPP BLK 268D (65331),walking,walk,138,TWIN WATERFALLS (65431),walking,walk,,,,
118 PUNGGOL WALK TWIN WATERFALLS SINGAPORE 828769,HDB,1.4026172,103.8976985,299,SOO TECK LRT STATION[PW7],walking,walk,69,BLK 268C (65339),walking,walk,95,OPP BLK 268D (65331),walking,walk,111,TWIN WATERFALLS (65431),walking,walk,,,,
120 PUNGGOL WALK TWIN WATERFALLS SINGAPORE 828770,HDB,1.4027645,103.8973788,279,SOO TECK LRT STATION[PW7],walking,walk,83,TWIN WATERFALLS (65431),walking,walk,84,BLK 268C (65339),walking,walk,127,OPP BLK 268D (65331),walking,walk,,,,
122 PUNGGOL WALK TWIN WATERFALLS SINGAPORE 828771,HDB,1.4027962,103.8970369,277,SOO TECK LRT STATION[PW7],walking,walk,57,TWIN WATERFALLS (65431),walking,walk,118,BLK 268C (65339),walking,walk,140,BLK 258A (65579),walking,walk,,,,
98 PUNGGOL WALK PUNGGOL GREEN PRIMARY SCHOOL SINGAPORE 828772,HDB,1.4018049,103.8987729,419,SOO TECK LRT STATION[PW7],walking,walk,121,OPP BLK 268D (65331),walking,walk,168,BLK 268C (65339),walking,walk,227,BLK 272C (65349),walking,walk,,,,
124 PUNGGOL WALK ECOPOLITAN SINGAPORE 828773,HDB,1.4009579,103.8978038,483,SOO TECK LRT STATION[PW7],walking,walk,185,AFT TPE (65439),walking,walk,199,TWIN WATERFALLS (65431),walking,walk,226,OPP BLK 268D (65331),walking,walk,,,,
126 PUNGGOL WALK ECOPOLITAN SINGAPORE 828774,HDB,1.4009299,103.8974909,484,SOO TECK LRT STATION[PW7],walking,walk,157,AFT TPE (65439),walking,walk,183,TWIN WATERFALLS (65431),walking,walk,243,OPP BLK 268D (65331),walking,walk,,,,
128 PUNGGOL WALK ECOPOLITAN SINGAPORE 828775,HDB,1.4010301,103.897212,472,SOO TECK LRT STATION[PW7],walking,walk,125,AFT TPE (65439),walking,walk,160,TWIN WATERFALLS (65431),walking,walk,250,OPP BLK 268D (65331),walking,walk,,,,
130 PUNGGOL WALK ECOPOLITAN SINGAPORE 828776,HDB,1.4013166,103.8968463,443,SOO TECK LRT STATION[PW7],walking,walk,74,AFT TPE (65439),walking,walk,119,TWIN WATERFALLS (65431),walking,walk,241,BLK 268C (65339),walking,walk,,,,
132 PUNGGOL WALK ECOPOLITAN SINGAPORE 828777,HDB,1.4008967,103.8967673,490,SOO TECK LRT STATION[PW7],walking,walk,104,AFT TPE (65439),walking,walk,165,TWIN WATERFALLS (65431),walking,walk,286,BLK 268C (65339),walking,walk,,,,
134 PUNGGOL WALK ECOPOLITAN SINGAPORE 828778,HDB,1.4006896,103.897008,511,SOO TECK LRT STATION[PW7],walking,walk,138,AFT TPE (65439),walking,walk,191,TWIN WATERFALLS (65431),walking,walk,294,OPP BLK 268D (65331),walking,walk,,,,
58 PUNGGOL WALK A TREASURE TROVE SINGAPORE 828779,HDB,1.4054124,103.9001042,239,PUNGGOL MRT STATION[NE17],walking,walk,109,BEF BLK 264 (65409),walking,walk,196,PUNGGOL STN/INT (65259),walking,walk,198,OPP BLK 264A (65401),walking,walk,,,,
60 PUNGGOL WALK A TREASURE TROVE SINGAPORE 828780,HDB,1.4054913,103.8998307,270,PUNGGOL MRT STATION[NE17],walking,walk,88,BEF BLK 264 (65409),walking,walk,169,OPP BLK 264A (65401),walking,walk,227,PUNGGOL STN/INT (65259),walking,walk,,,,
62 PUNGGOL WALK A TREASURE TROVE SINGAPORE 828781,HDB,1.4055966,103.8994905,246,SOO TECK LRT STATION[PW7],walking,walk,72,BEF BLK 264 (65409),walking,walk,135,OPP BLK 264A (65401),walking,walk,266,PUNGGOL STN/INT (65259),walking,walk,,,,
64 PUNGGOL WALK A TREASURE TROVE SINGAPORE 828782,HDB,1.4056854,103.8992209,218,SOO TECK LRT STATION[PW7],walking,walk,73,BEF BLK 264 (65409),walking,walk,109,OPP BLK 264A (65401),walking,walk,261,SOO TECK STN (65141),walking,walk,,,,
66 PUNGGOL WALK A TREASURE TROVE SINGAPORE 828783,HDB,1.4052135,103.8994766,242,SOO TECK LRT STATION[PW7],walking,walk,115,BEF BLK 264 (65409),walking,walk,169,OPP BLK 264A (65401),walking,walk,266,PUNGGOL STN/INT (65259),walking,walk,,,,
68 PUNGGOL WALK A TREASURE TROVE SINGAPORE 828784,HDB,1.4051221,103.8997555,260,PUNGGOL MRT STATION[NE17],walking,walk,126,BEF BLK 264 (65409),walking,walk,195,OPP BLK 264A (65401),walking,walk,236,PUNGGOL STN/INT (65259),walking,walk,,,,
70 PUNGGOL WALK A TREASURE TROVE SINGAPORE 828785,HDB,1.4050356,103.9000438,227,PUNGGOL MRT STATION[NE17],walking,walk,144,BEF BLK 264 (65409),walking,walk,206,PUNGGOL STN/INT (65259),walking,walk,222,OPP BLK 264A (65401),walking,walk,,,,
72 PUNGGOL WALK A TREASURE TROVE SINGAPORE 828786,HDB,1.4046977,103.899899,232,PUNGGOL MRT STATION[NE17],walking,walk,175,BEF BLK 264 (65409),walking,walk,231,PUNGGOL STN/INT (65259),walking,walk,242,OPP BLK 264A (65401),walking,walk,,,,
74 PUNGGOL WALK A TREASURE TROVE SINGAPORE 828787,HDB,1.4047764,103.8996461,261,PUNGGOL MRT STATION[NE17],walking,walk,163,BEF BLK 264 (65409),walking,walk,221,OPP BLK 264A (65401),walking,walk,246,OPP BLK 268D (65331),walking,walk,,,,
76 PUNGGOL WALK A TREASURE TROVE SINGAPORE 828788,HDB,1.4048602,103.8993719,235,SOO TECK LRT STATION[PW7],walking,walk,155,BEF BLK 264 (65409),walking,walk,199,OPP BLK 264A (65401),walking,walk,241,OPP BLK 268D (65331),walking,walk,,,,
78 PUNGGOL WALK A TREASURE TROVE SINGAPORE 828789,HDB,1.4051243,103.8990852,199,SOO TECK LRT STATION[PW7],walking,walk,135,BEF BLK 264 (65409),walking,walk,161,OPP BLK 264A (65401),walking,walk,222,SOO TECK STN (65141),walking,walk,,,,
100 PUNGGOL WALK TWIN WATERFALLS SINGAPORE 828790,HDB,1.4016854,103.8976845,401,SOO TECK LRT STATION[PW7],walking,walk,132,TWIN WATERFALLS (65431),walking,walk,151,AFT TPE (65439),walking,walk,160,OPP BLK 268D (65331),walking,walk,,,,
102 PUNGGOL WALK TWIN WATERFALLS SINGAPORE 828791,HDB,1.4017575,103.8974413,391,SOO TECK LRT STATION[PW7],walking,walk,106,TWIN WATERFALLS (65431),walking,walk,124,AFT TPE (65439),walking,walk,166,BLK 268C (65339),walking,walk,,,,
104 PUNGGOL WALK TWIN WATERFALLS SINGAPORE 828792,HDB,1.4016925,103.89712,399,SOO TECK LRT STATION[PW7],walking,walk,88,TWIN WATERFALLS (65431),walking,walk,89,AFT TPE (65439),walking,walk,190,BLK 268C (65339),walking,walk,,,,
106 PUNGGOL WALK TWIN WATERFALLS SINGAPORE 828793,HDB,1.4017567,103.8968803,394,SOO TECK LRT STATION[PW7],walking,walk,62,AFT TPE (65439),walking,walk,72,TWIN WATERFALLS (65431),walking,walk,200,BLK 268C (65339),walking,walk,,,,
50 PUNGGOL WALK A TREASURE TROVE SINGAPORE 828830,HDB,1.4060438,103.8993797,246,SOO TECK LRT STATION[PW7],walking,walk,31,BEF BLK 264 (65409),walking,walk,91,OPP BLK 264A (65401),walking,walk,287,PUNGGOL STN/INT (65259),walking,walk,,,,
52 PUNGGOL WALK A TREASURE TROVE SINGAPORE 828831,HDB,1.4059834,103.8996676,275,SOO TECK LRT STATION[PW7],walking,walk,30,BEF BLK 264 (65409),walking,walk,122,OPP BLK 264A (65401),walking,walk,254,PUNGGOL STN/INT (65259),walking,walk,,,,
54 PUNGGOL WALK A TREASURE TROVE SINGAPORE 828832,HDB,1.4058792,103.8999829,281,PUNGGOL MRT STATION[NE17],walking,walk,60,BEF BLK 264 (65409),walking,walk,158,OPP BLK 264A (65401),walking,walk,218,PUNGGOL STN/INT (65259),walking,walk,,,,
56 PUNGGOL WALK A TREASURE TROVE SINGAPORE 828833,HDB,1.4057554,103.9002835,246,PUNGGOL MRT STATION[NE17],walking,walk,95,BEF BLK 264 (65409),walking,walk,182,PUNGGOL STN/INT (65259),walking,walk,194,OPP BLK 264A (65401),walking,walk,,,,
103 EDGEFIELD PLAINS SINGAPORE 820103,HDB,1.3974734,103.9048218,131,OPP BLK 103A (65071),walking,walk,162,BLK 102C (65079),walking,walk,,,,,,,,,,,,
105 EDGEFIELD PLAINS MULTI STOREY CAR PARK SINGAPORE 820105,HDB,1.3972294,103.9055909,210,OPP BLK 103A (65071),walking,walk,,,,,,,,,,,,,,,,
103A EDGEFIELD PLAINS SINGAPORE 821103,HDB,1.3982553,103.904754,71,OPP BLK 103A (65071),walking,walk,75,BLK 102C (65079),walking,walk,,,,,,,,,,,,
104A EDGEFIELD PLAINS SINGAPORE 821104,HDB,1.3968057,103.9050542,208,OPP BLK 103A (65071),walking,walk,,,,,,,,,,,,,,,,
103B EDGEFIELD PLAINS SINGAPORE 822103,HDB,1.3977313,103.9046854,99,OPP BLK 103A (65071),walking,walk,134,BLK 102C (65079),walking,walk,,,,,,,,,,,,
104B EDGEFIELD PLAINS SINGAPORE 822104,HDB,1.3966089,103.9053038,241,OPP BLK 103A (65071),walking,walk,,,,,,,,,,,,,,,,
103C EDGEFIELD PLAINS SINGAPORE 823103,HDB,1.3972666,103.9045384,137,OPP BLK 103A (65071),walking,walk,187,BLK 102C (65079),walking,walk,,,,,,,,,,,,
105C EDGEFIELD PLAINS SINGAPORE 823105,HDB,1.397672,103.9055988,169,BLK 102C (65079),walking,walk,,,,,,,,,,,,,,,,
105D EDGEFIELD PLAINS SINGAPORE 824105,HDB,1.3971753,103.9052296,185,OPP BLK 103A (65071),walking,walk,202,BLK 102C (65079),walking,walk,,,,,,,,,,,,
47 EDGEFIELD PLAINS WATERBAY SINGAPORE 828713,HDB,1.4012615,103.9074922,187,OPP BLK 296 (65089),walking,walk,,,,,,,,,,,,,,,,
9 SENTUL CRESCENT NURTURESTARS CHILD CARE SINGAPORE 828654,HDB,1.4101133,103.9060319,141,SAM KEE LRT STATION[PW1],walking,walk,138,BEF PUNGGOL DR (65481),walking,walk,217,AFT PUNGGOL DR (65489),walking,walk,,,,,,,,
8A SENTUL CRESCENT TEMPORARY SITE OFFICE SINGAPORE 828655,HDB,1.4091606,103.9036891,139,SAM KEE LRT STATION[PW1],walking,walk,244,AFT PUNGGOL DR (65489),walking,walk,263,BEF PUNGGOL DR (65481),walking,walk,276,BLK 312 CP (65461),walking,walk,,,,
10 SENTUL CRESCENT SAM KEE LRT STATION SINGAPORE 828851,HDB,1.4096127,103.9048316,3,SAM KEE LRT STATION[PW1],walking,walk,157,BEF PUNGGOL DR (65481),walking,walk,183,AFT PUNGGOL DR (65489),walking,walk,393,BLK 312 CP (65461),walking,walk,,,,
37 PUNGGOL FIELD PRIV SINGAPORE 828809,HDB,1.4006763,103.9046998,73,OPP BLK 199C (65081),walking,walk,84,AFT PUNGGOL RD (65209),walking,walk,143,OPP BLK 296 (65089),walking,walk,,,,,,,,
39 PUNGGOL FIELD PRIV SINGAPORE 828810,HDB,1.4011064,103.904428,87,AFT PUNGGOL RD (65209),walking,walk,100,OPP BLK 199C (65081),walking,walk,155,OPP BLK 296 (65089),walking,walk,,,,,,,,
30 PUNGGOL FIELD MASJID AL-ISLAH SINGAPORE 828812,HDB,1.4012199,103.9014812,345,PUNGGOL MRT STATION[NE17],walking,walk,101,OPP BLK 272C (65341),walking,walk,135,BLK 272C (65349),walking,walk,168,OPP BLK 201A (65201),walking,walk,,,,
36 PUNGGOL FIELD EDGEFIELD SECONDARY SCHOOL SINGAPORE 828814,HDB,1.4001793,103.9021412,115,OPP BLK 201A (65201),walking,walk,205,AFT PUNGGOL RD (65209),walking,walk,238,OPP BLK 272C (65341),walking,walk,,,,,,,,
31 PUNGGOL FIELD PRIV SINGAPORE 828816,HDB,1.4010368,103.9039876,62,AFT PUNGGOL RD (65209),walking,walk,118,OPP BLK 201A (65201),walking,walk,147,OPP BLK 199C (65081),walking,walk,,,,,,,,
33 PUNGGOL FIELD PRIV SINGAPORE 828817,HDB,1.4014883,103.9043384,120,AFT PUNGGOL RD (65209),walking,walk,125,OPP BLK 199C (65081),walking,walk,163,OPP BLK 296 (65089),walking,walk,,,,,,,,
35 PUNGGOL FIELD PRIV SINGAPORE 828818,HDB,1.4011746,103.9049323,50,OPP BLK 199C (65081),walking,walk,98,OPP BLK 296 (65089),walking,walk,132,AFT PUNGGOL RD (65209),walking,walk,,,,,,,,
50 PUNGGOL FIELD COVE LRT STATION SINGAPORE 828858,HDB,1.399282,103.9059619,140,BLK 102C (65079),walking,walk,,,,,,,,,,,,,,,,
